PROTEIN	acc	PROT_len	IDR_frac	IDR_count	has_PS_features	IDR_id	S	E	IDR_len	source	feature	is_longest	atar_overlap	S_atar	E_atar	PS_overlap	PS_id	PS_db	PS_full	PS_len	PS_n	PS_S	PS_E	ALA	CYS	ASP	GLU	PHE	GLY	HIS	ILE	LYS	LEU	MET	ASN	PRO	GLN	ARG	SER	THR	VAL	TRP	TYR	tiny_ACGST	small_ABCDGNPSTV	aliphatic_ILV	aromatic_FHWY	nonpolar_ACFGILMPVWY	polar_DEHKNQRSTZ	charged_BDEHKRZ	basic_HKR	acidic_BDEZ	alcohol_ST	turnlike_ACDEGHKNQRST	PLUS	MINUS	NETCHARGE	AA1_fr	AA2_fr	AA3_fr	AA4_fr	AA1_fc	AA2_fc	AA3_fc	AA4_fc	PEP_len	PEP_mw	PEP_avg_mw	PEP_netcharge	PEP_PI	aggrescan	camsol	foldamyloid	kytedoolittle	pawar	roseman	stickiness	voronoi_sickiness	wimleywhite	feature_len	region	atar_ol.cter	atar_ol.nter	atar_ol.nest	atar_ol.in	IDR_seq
53BP1	Q12888	1972	0.713	1406	TRUE	Q12888_1..207	1	207	207	th_50	disorder	FALSE	FALSE	1203	1972	TRUE	Q12888_1..1972	phasepdb	TRUE	1972	1	1	1972	0.028985507246376812	0.00966183574879227	0.07729468599033816	0.13043478260869565	0.01932367149758454	0.06763285024154589	0.024154589371980676	0.01932367149758454	0.03864734299516908	0.08695652173913043	0.014492753623188406	0.05314009661835749	0.05314009661835749	0.07729468599033816	0.01932367149758454	0.13043478260869565	0.06763285024154589	0.07246376811594203	0	0.00966183574879227	0.30434782608695654	0.5603864734299517	0.178743961352657	0.05314009661835749	0.38164251207729466	0.6183574879227053	0.2898550724637681	0.0821256038647343	0.20772946859903382	0.19806763285024154	0.7246376811594203	0.0821256038647343	0.20772946859903382	-26	GLU:13.04	SER:13.04	LEU:8.7	ASP:7.73	VAL:2.1	ASN:1.7	LEU:1.6	GLU:1.5	207	22538.10814	108.87974946859903	-30.620421961749248	3.85375422400371	-0.34456521739130436	0.5895217754502415	-0.3129855072463768	-0.8951690821256039	-5.2787439613526574	-0.8783091787439614	-0.03397777777777779	-0.003651104381642505	3.8245410628019325	207	1-1972	FALSE	FALSE	FALSE	FALSE	MDPTGSQLDSDFSQQDTPCLIIEDSQPESQVLEDDSGSHFSMLSRHLPNLQTHKENPVLDVVSNPEQTAGEERGDGNSGFNEHLKENKVADPVDSSNLDTCGSISQVIEQLPQPNRTSSVLGMSVESAPAVEEEKGEELEQKEKEKEEDTSGNTTHSLGAEDTASSQLGFGVLELSQSQDVEENTVPYEVDKEQLQSVTTNSGYTRL
53BP1	Q12888	1972	0.713	1406	TRUE	Q12888_210..332	210	332	123	th_50	disorder	FALSE	FALSE	1203	1972	TRUE	Q12888_1..1972	phasepdb	TRUE	1972	1	1	1972	0.08943089430894309	0.016260162601626018	0.06504065040650407	0.12195121951219512	0.016260162601626018	0.032520325203252036	0.016260162601626018	0.04065040650406504	0.06504065040650407	0.04878048780487805	0.024390243902439025	0.032520325203252036	0.08943089430894309	0.08130081300813008	0.016260162601626018	0.13821138211382114	0.04065040650406504	0.06504065040650407	0	0	0.3170731707317073	0.5691056910569106	0.15447154471544716	0.032520325203252036	0.42276422764227645	0.5772357723577236	0.2845528455284553	0.0975609756097561	0.18699186991869918	0.17886178861788618	0.7154471544715447	0.0975609756097561	0.18699186991869918	-11	SER:13.82	GLU:12.2	ALA:8.94	PRO:8.94	ILE:2.5	CYS:2	VAL:1.9	GLN:1.5	123	13221.464539999999	107.49158162601626	-12.916315129629135	4.087136134869724	-0.32353658536585367	0.6415602727439025	-0.356	-0.791869918699187	-5.626666666666667	-0.8021951219512196	-0.060071544715447164	-0.026587813666666658	3.8055284552845525	123	1-1972	FALSE	FALSE	FALSE	FALSE	VDANTAIKHEEQSNEDIPIAEQSSKDIPVTAQPSKDVHVVKEQNPPPARSEDMPFSPKASVAAMEAKEQLSAQELMESGLQIQKSPEPEVLSTQEDLFDQSNKTVSSDGCSTPSREEGGCSLA
53BP1	Q12888	1972	0.713	1406	TRUE	Q12888_346..509	346	509	164	th_50	disorder	FALSE	FALSE	1203	1972	TRUE	Q12888_1..1972	phasepdb	TRUE	1972	1	1	1972	0.018292682926829267	0.006097560975609756	0.06097560975609756	0.09146341463414634	0.036585365853658534	0.054878048780487805	0.012195121951219513	0.036585365853658534	0.042682926829268296	0.08536585365853659	0.012195121951219513	0.024390243902439025	0.1402439024390244	0.06707317073170732	0.018292682926829267	0.18292682926829268	0.06097560975609756	0.04878048780487805	0	0	0.3231707317073171	0.5975609756097561	0.17073170731707318	0.04878048780487805	0.43902439024390244	0.5609756097560976	0.22560975609756098	0.07317073170731707	0.1524390243902439	0.24390243902439024	0.6402439024390244	0.07317073170731707	0.1524390243902439	-13	SER:18.29	PRO:14.02	GLU:9.15	LEU:8.54	PHE:2.6	ILE:2.2	LEU:1.6	SER:1.4	164	17500.16704	106.7083356097561	-14.853155722842008	4.004432632653549	-0.22960365853658538	0.5039289847451219	-0.4764451219512195	-0.7091463414634147	-5.629268292682927	-0.5907317073170733	0.0150530487804878	0.00934224044512196	3.913109756097561	164	1-1972	FALSE	FALSE	FALSE	FALSE	GQRSLVQDSLSTNSSDLVAPSPDAFRSTPFIVPSSPTEQEGRQDKPMDTSVLSEEGGEPFQKKLQSGEPVELENPPLLPESTVSPQASTPISQSTPVFPPGSLPIPSQPQFSHDIFIPSPSLEEQSNDGKKDGDMHSSSLTVECSKTSEIEPKNSPEDLGLSLT
53BP1	Q12888	1972	0.713	1406	TRUE	Q12888_517..596	517	596	80	th_50	disorder	FALSE	FALSE	1203	1972	TRUE	Q12888_1..1972	phasepdb	TRUE	1972	1	1	1972	0.025	0	0.15	0.1	0.0125	0.0375	0.0125	0.0375	0.05	0.0625	0.0375	0.0625	0.0625	0.0625	0.025	0.1375	0.075	0.0375	0	0.0125	0.275	0.5875	0.1375	0.0375	0.325	0.675	0.3375	0.0875	0.25	0.2125	0.7375	0.0875	0.25	-13	ASP:15	SER:13.75	GLU:10	THR:7.5	ASP:2.9	ILE:2.3	ASN:2	MET:1.9	80	8875.37844	110.94223050000001	-13.893584990098457	3.747205676563321	-0.47467499999999996	0.93976907316875	-0.384	-1.23875	-5.822375	-1.16875	-0.09239250000000002	-0.0344874998625	3.78225	80	1-1972	FALSE	FALSE	FALSE	FALSE	LSTSEYSQSPKMESLSSHRIDEDGENTQIEDTEPMSPVLNSKFVPAENDSILMNPAQDGEVQLSQNDDKTKGDDTDTRDD
53BP1	Q12888	1972	0.713	1406	TRUE	Q12888_646..692	646	692	47	th_50	disorder	FALSE	FALSE	1203	1972	TRUE	Q12888_1..1972	phasepdb	TRUE	1972	1	1	1972	0.02127659574468085	0.02127659574468085	0	0.3191489361702128	0	0.06382978723404255	0.06382978723404255	0.0425531914893617	0.0425531914893617	0.06382978723404255	0.0425531914893617	0.02127659574468085	0.0851063829787234	0.02127659574468085	0	0.1276595744680851	0.02127659574468085	0.0425531914893617	0	0	0.2553191489361702	0.40425531914893614	0.14893617021276595	0.06382978723404255	0.3829787234042553	0.6170212765957447	0.425531914893617	0.10638297872340426	0.3191489361702128	0.14893617021276595	0.723404255319149	0.10638297872340426	0.3191489361702128	-10	GLU:31.91	SER:12.77	PRO:8.51	GLY:6.38	GLU:3.7	HIS:2.7	ILE:2.6	CYS:2.6	47	5248.61554	111.67267106382978	-12.765226370322196	3.844591102275516	-0.42931914893617024	1.1398959206085106	-0.4106595744680851	-1.1297872340425532	-6.251063829787234	-0.9476595744680852	-0.11257872340425532	-0.04897443434042551	3.549787234042553	47	1-1972	FALSE	FALSE	FALSE	FALSE	EAMEIKEHHPEEGSSGSEVEEIPETPCESQGEELKEENMESVPLHLS
53BP1	Q12888	1972	0.713	1406	TRUE	Q12888_741..921	741	921	181	th_50	disorder	FALSE	FALSE	1203	1972	TRUE	Q12888_1..1972	phasepdb	TRUE	1972	1	1	1972	0.0718232044198895	0.022099447513812154	0.07734806629834254	0.14917127071823205	0.016574585635359115	0.03314917127071823	0.011049723756906077	0.027624309392265192	0.06629834254143646	0.0718232044198895	0.0055248618784530384	0.016574585635359115	0.08287292817679558	0.06629834254143646	0.022099447513812154	0.13259668508287292	0.055248618784530384	0.055248618784530384	0.011049723756906077	0.0055248618784530384	0.3149171270718232	0.5469613259668509	0.15469613259668508	0.04419889502762431	0.40331491712707185	0.5966850828729282	0.3259668508287293	0.09944751381215469	0.2265193370165746	0.1878453038674033	0.7237569060773481	0.09944751381215469	0.2265193370165746	-23	GLU:14.92	SER:13.26	PRO:8.29	ASP:7.73	CYS:2.7	TRP:2	GLU:1.7	ILE:1.7	181	19805.46464	109.42245657458562	-25.01832135582694	3.9376609334846293	-0.34932044198895024	0.7666947258635359	-0.35154696132596686	-0.9132596685082873	-5.720994475138122	-0.9013259668508288	-0.08110994475138124	-0.026148551491712704	3.7868508287292815	181	1-1972	FALSE	FALSE	FALSE	FALSE	KEQEAWEEATSEDSSVVIVDVKEPSPRVDVSCEPLEGVEKCSDSQSWEDIAPEIEPCAENRLDTKEEKSVEYEGDLKSGTAETEPVEQDSSQPSLPLVRADDPLRLDQELQQPQTQEKTSNSLTEDSKMANAKQLSSDAEAQKLGKPSAHASQSFCESSSETPFHFTLPKEGDIIPPLTGA
53BP1	Q12888	1972	0.713	1406	TRUE	Q12888_994..1033	994	1033	40	th_50	disorder	FALSE	FALSE	1203	1972	TRUE	Q12888_1..1972	phasepdb	TRUE	1972	1	1	1972	0.125	0	0	0.175	0.025	0.05	0	0	0.075	0.05	0.025	0.05	0.075	0.05	0.025	0.125	0.1	0.05	0	0	0.4	0.575	0.1	0.025	0.4	0.6	0.275	0.1	0.175	0.225	0.775	0.1	0.175	-3	GLU:17.5	ALA:12.5	SER:12.5	THR:10	GLU:2	PHE:1.8	THR:1.7	ALA:1.7	40	4250.61504	106.26537599999999	-2.9904782542428467	4.269931198096806	-0.368225	0.806115958855	-0.40507499999999996	-0.9349999999999999	-5.7322500000000005	-0.8714999999999999	-0.11614750000000003	-0.0695997993	3.77475	40	1-1972	FALSE	FALSE	FALSE	FALSE	PETEASEESLQFNLEKPATGERKNGSTAVAESVASPQKTM
53BP1	Q12888	1972	0.713	1406	TRUE	Q12888_1044..1121	1044	1121	78	th_50	disorder	FALSE	FALSE	1203	1972	TRUE	Q12888_1..1972	phasepdb	TRUE	1972	1	1	1972	0.038461538461538464	0	0.038461538461538464	0.11538461538461539	0.01282051282051282	0.0641025641025641	0.02564102564102564	0.05128205128205128	0.0641025641025641	0.038461538461538464	0.038461538461538464	0.02564102564102564	0.14102564102564102	0.10256410256410256	0.038461538461538464	0.11538461538461539	0.038461538461538464	0.05128205128205128	0	0	0.2564102564102564	0.5128205128205128	0.14102564102564102	0.038461538461538464	0.4358974358974359	0.5641025641025641	0.28205128205128205	0.1282051282051282	0.15384615384615385	0.15384615384615385	0.6666666666666666	0.1282051282051282	0.15384615384615385	-2	PRO:14.1	GLU:11.54	SER:11.54	GLN:10.26	ILE:3.1	GLN:1.9	MET:1.9	VAL:1.5	78	8545.48824	109.55754153846155	-3.8043670647725394	4.762062787926441	-0.3641153846153846	0.7838496867602566	-0.4832692307692308	-1.0923076923076924	-6.188461538461539	-0.7414102564102564	-0.07522564102564104	-0.027764191102564093	3.81525641025641	78	1-1972	FALSE	FALSE	FALSE	FALSE	QENEARSEDPPTTPIRGNLLHFPSSQGEEEKEKLEGDHTIRQSQQPMKPISPVKDPVSPASQKMVIQGPSSPQGEAMV
53BP1	Q12888	1972	0.713	1406	TRUE	Q12888_1181..1234	1181	1234	54	th_50	disorder	FALSE	TRUE	1203	1972	TRUE	Q12888_1..1972	phasepdb	TRUE	1972	1	1	1972	0.037037037037037035	0	0.09259259259259259	0.1111111111111111	0.037037037037037035	0.12962962962962962	0.05555555555555555	0	0.037037037037037035	0.018518518518518517	0.018518518518518517	0.018518518518518517	0.09259259259259259	0.09259259259259259	0.018518518518518517	0.09259259259259259	0.09259259259259259	0.05555555555555555	0	0	0.35185185185185186	0.6111111111111112	0.07407407407407407	0.09259259259259259	0.3888888888888889	0.6111111111111112	0.3148148148148148	0.1111111111111111	0.2037037037037037	0.18518518518518517	0.7777777777777778	0.1111111111111111	0.2037037037037037	-5	GLY:12.96	GLU:11.11	ASP:9.26	PRO:9.26	PHE:2.6	HIS:2.3	ASP:1.8	GLN:1.7	54	5750.99144	106.49984148148148	-7.716998649634355	4.124598732868747	-1.0548888888888888	1.622089318762963	-1.063	-2.674074074074074	-11.620000000000001	-1.8733333333333333	-0.26163703703703706	-0.09021881333333333	7.59	54	1-1972	TRUE	FALSE	FALSE	FALSE	GTSTVDQNFGKQDATVQTERGSGEKPVSAPGDDTESLHSQGEEEFDMPQPPHGH
53BP1	Q12888	1972	0.713	1406	TRUE	Q12888_1181..1234	1181	1234	54	th_50	disorder	FALSE	TRUE	1203	1972	TRUE	Q12888_1140..1972	merged	FALSE	833	2	1140	1972	0.037037037037037035	0	0.09259259259259259	0.1111111111111111	0.037037037037037035	0.12962962962962962	0.05555555555555555	0	0.037037037037037035	0.018518518518518517	0.018518518518518517	0.018518518518518517	0.09259259259259259	0.09259259259259259	0.018518518518518517	0.09259259259259259	0.09259259259259259	0.05555555555555555	0	0	0.35185185185185186	0.6111111111111112	0.07407407407407407	0.09259259259259259	0.3888888888888889	0.6111111111111112	0.3148148148148148	0.1111111111111111	0.2037037037037037	0.18518518518518517	0.7777777777777778	0.1111111111111111	0.2037037037037037	-5	GLY:12.96	GLU:11.11	ASP:9.26	PRO:9.26	PHE:2.6	HIS:2.3	ASP:1.8	GLN:1.7	54	5750.99144	106.49984148148148	-7.716998649634355	4.124598732868747	-1.0548888888888888	1.622089318762963	-1.063	-2.674074074074074	-11.620000000000001	-1.8733333333333333	-0.26163703703703706	-0.09021881333333333	7.59	54	1140-1972	TRUE	FALSE	FALSE	FALSE	GTSTVDQNFGKQDATVQTERGSGEKPVSAPGDDTESLHSQGEEEFDMPQPPHGH
53BP1	Q12888	1972	0.713	1406	TRUE	Q12888_1267..1479	1267	1479	213	th_50	disorder	TRUE	TRUE	1203	1972	TRUE	Q12888_1..1972	phasepdb	TRUE	1972	1	1	1972	0.06572769953051644	0.014084507042253521	0.06103286384976526	0.06572769953051644	0.018779342723004695	0.14553990610328638	0.009389671361502348	0.028169014084507043	0.03755868544600939	0.051643192488262914	0.004694835680751174	0.004694835680751174	0.09859154929577464	0.023474178403755867	0.0892018779342723	0.15023474178403756	0.07981220657276995	0.051643192488262914	0	0	0.45539906103286387	0.6713615023474179	0.13145539906103287	0.028169014084507043	0.4788732394366197	0.5211267605633803	0.26291079812206575	0.13615023474178403	0.1267605633802817	0.2300469483568075	0.7464788732394366	0.13615023474178403	0.1267605633802817	2	SER:15.02	GLY:14.55	PRO:9.86	ARG:8.92	ILE:1.7	CYS:1.7	GLY:1.6	VAL:1.5	213	21695.71454	101.85781474178404	0.02211116037047023	7.355222705638689	-0.6290798122065727	1.4759951853051643	-0.9408262910798123	-1.5145539906103287	-11.372394366197184	-1.6109859154929578	-0.025444131455399085	-2.3201806572769636e-4	7.895023474178404	213	1-1972	FALSE	FALSE	FALSE	TRUE	RKVTEETEEPIVECQECETEVSPSQTGGSSGDLGDISSFSSKASSLHRTSSGTSLSAMHSSGSSGKGAGPLRGKTSGTEPADFALPSSRGGPGKLSPRKGVSQTGTPVCEEDGDAGLGIRQGGKAPVTPRGRGRRGRPPSRTTGTRETAVPGPLGIEDISPNLSPDDKSFSRVVPRVPDSTRRTDVGAGALRRSDSPEIPFQAAAGPSDGLDA
53BP1	Q12888	1972	0.713	1406	TRUE	Q12888_1267..1479	1267	1479	213	th_50	disorder	TRUE	TRUE	1203	1972	TRUE	Q12888_1140..1972	merged	FALSE	833	2	1140	1972	0.06572769953051644	0.014084507042253521	0.06103286384976526	0.06572769953051644	0.018779342723004695	0.14553990610328638	0.009389671361502348	0.028169014084507043	0.03755868544600939	0.051643192488262914	0.004694835680751174	0.004694835680751174	0.09859154929577464	0.023474178403755867	0.0892018779342723	0.15023474178403756	0.07981220657276995	0.051643192488262914	0	0	0.45539906103286387	0.6713615023474179	0.13145539906103287	0.028169014084507043	0.4788732394366197	0.5211267605633803	0.26291079812206575	0.13615023474178403	0.1267605633802817	0.2300469483568075	0.7464788732394366	0.13615023474178403	0.1267605633802817	2	SER:15.02	GLY:14.55	PRO:9.86	ARG:8.92	ILE:1.7	CYS:1.7	GLY:1.6	VAL:1.5	213	21695.71454	101.85781474178404	0.02211116037047023	7.355222705638689	-0.6290798122065727	1.4759951853051643	-0.9408262910798123	-1.5145539906103287	-11.372394366197184	-1.6109859154929578	-0.025444131455399085	-2.3201806572769636e-4	7.895023474178404	213	1140-1972	FALSE	FALSE	FALSE	TRUE	RKVTEETEEPIVECQECETEVSPSQTGGSSGDLGDISSFSSKASSLHRTSSGTSLSAMHSSGSSGKGAGPLRGKTSGTEPADFALPSSRGGPGKLSPRKGVSQTGTPVCEEDGDAGLGIRQGGKAPVTPRGRGRRGRPPSRTTGTRETAVPGPLGIEDISPNLSPDDKSFSRVVPRVPDSTRRTDVGAGALRRSDSPEIPFQAAAGPSDGLDA
53BP1	Q12888	1972	0.713	1406	TRUE	Q12888_1619..1720	1619	1720	102	th_50	disorder	FALSE	TRUE	1203	1972	TRUE	Q12888_1..1972	phasepdb	TRUE	1972	1	1	1972	0.0784313725490196	0.00980392156862745	0.0196078431372549	0.09803921568627451	0.00980392156862745	0.09803921568627451	0	0.0196078431372549	0.0784313725490196	0.049019607843137254	0.00980392156862745	0.029411764705882353	0.0784313725490196	0.00980392156862745	0.09803921568627451	0.16666666666666666	0.08823529411764706	0.058823529411764705	0	0	0.4411764705882353	0.6274509803921569	0.12745098039215685	0.00980392156862745	0.4117647058823529	0.5882352941176471	0.29411764705882354	0.17647058823529413	0.11764705882352941	0.2549019607843137	0.7745098039215687	0.17647058823529413	0.11764705882352941	6	SER:16.67	GLU:9.8	GLY:9.8	ARG:9.8	VAL:1.7	THR:1.5	ARG:1.5	SER:1.3	102	10671.83504	104.6258337254902	5.95226039541697	10.763537668594273	-0.6694117647058824	1.8102498847941177	-0.8503725490196078	-1.8450980392156862	-11.81764705882353	-1.9692156862745096	-0.12060980392156866	-0.07755168231372549	7.799019607843137	102	1-1972	FALSE	FALSE	FALSE	TRUE	LDNLVEGKRKRRSNVSSPATPTASSSSSTTPTRKITESPRASMGVLSGKRKLITSEEERSPAKRGRKSATVKPGAVGAGEFVSPCESGDNTGEPSALEEQRG
53BP1	Q12888	1972	0.713	1406	TRUE	Q12888_1619..1720	1619	1720	102	th_50	disorder	FALSE	TRUE	1203	1972	TRUE	Q12888_1140..1972	merged	FALSE	833	2	1140	1972	0.0784313725490196	0.00980392156862745	0.0196078431372549	0.09803921568627451	0.00980392156862745	0.09803921568627451	0	0.0196078431372549	0.0784313725490196	0.049019607843137254	0.00980392156862745	0.029411764705882353	0.0784313725490196	0.00980392156862745	0.09803921568627451	0.16666666666666666	0.08823529411764706	0.058823529411764705	0	0	0.4411764705882353	0.6274509803921569	0.12745098039215685	0.00980392156862745	0.4117647058823529	0.5882352941176471	0.29411764705882354	0.17647058823529413	0.11764705882352941	0.2549019607843137	0.7745098039215687	0.17647058823529413	0.11764705882352941	6	SER:16.67	GLU:9.8	GLY:9.8	ARG:9.8	VAL:1.7	THR:1.5	ARG:1.5	SER:1.3	102	10671.83504	104.6258337254902	5.95226039541697	10.763537668594273	-0.6694117647058824	1.8102498847941177	-0.8503725490196078	-1.8450980392156862	-11.81764705882353	-1.9692156862745096	-0.12060980392156866	-0.07755168231372549	7.799019607843137	102	1140-1972	FALSE	FALSE	FALSE	TRUE	LDNLVEGKRKRRSNVSSPATPTASSSSSTTPTRKITESPRASMGVLSGKRKLITSEEERSPAKRGRKSATVKPGAVGAGEFVSPCESGDNTGEPSALEEQRG
Cyclin T1	O60563	726	0.481	349	TRUE	O60563_463..592	463	592	130	th_50	disorder	TRUE	TRUE	462	654	TRUE	O60563_401..654	merged	FALSE	254	1	401	654	0.07692307692307693	0	0.038461538461538464	0.05384615384615385	0.015384615384615385	0.06153846153846154	0.13846153846153847	0.03076923076923077	0.11538461538461539	0.023076923076923078	0.007692307692307693	0.038461538461538464	0.06153846153846154	0.015384615384615385	0.046153846153846156	0.16923076923076924	0.05384615384615385	0.046153846153846156	0	0.007692307692307693	0.36153846153846153	0.5461538461538461	0.1	0.16153846153846155	0.33076923076923076	0.6692307692307692	0.3923076923076923	0.3	0.09230769230769231	0.2230769230769231	0.8076923076923077	0.3	0.09230769230769231	27	SER:16.92	HIS:13.85	LYS:11.54	ALA:7.69	HIS:5.9	LYS:1.9	ILE:1.9	VAL:1.3	130	14195.54954	109.19653492307692	10.643710425952209	10.751898841194368	-0.43353076923076916	0.7303077382623078	-0.3699230769230769	-1.3023076923076924	-5.61423076923077	-0.9483846153846154	-0.07974307692307694	-0.031894904161538465	3.947692307692308	130	401-654	FALSE	FALSE	FALSE	TRUE	RIPVAGGDKAASSKPEEIKMRIKVHAAADKHNSVEDSVTKSREHKEKHKTHPSNHHHHHNHHSHKHSHSQLPVGTGNKRPGDPKHSSQTSNLAHKTYSLSSSFSSSSSTRKRGPSEETGGAVFDHPAKIA
Cyclin T1	O60563	726	0.481	349	TRUE	O60563_594..653	594	653	60	th_50	disorder	FALSE	TRUE	462	654	TRUE	O60563_401..654	merged	FALSE	254	1	401	654	0.016666666666666666	0.016666666666666666	0.03333333333333333	0	0.05	0.1	0.05	0	0.06666666666666667	0.06666666666666667	0.03333333333333333	0.05	0.1	0.05	0.016666666666666666	0.21666666666666667	0.11666666666666667	0.016666666666666666	0	0	0.4666666666666667	0.6666666666666666	0.08333333333333333	0.1	0.4	0.6	0.16666666666666666	0.13333333333333333	0.03333333333333333	0.3333333333333333	0.7333333333333333	0.13333333333333333	0.03333333333333333	6	SER:21.67	THR:11.67	GLY:10	PRO:10	PHE:3.6	HIS:2.1	CYS:2	THR:2	60	6249.86984	104.16449733333334	3.208446377796405	10.337724474885329	-0.24531666666666666	0.21376906690833333	-0.4829666666666667	-0.8183333333333334	-4.838166666666667	-0.5571666666666667	0.06136666666666665	0.030641564183333334	4.123833333333334	60	401-654	FALSE	FALSE	FALSE	TRUE	STKSSSLNFSFPSLPTMGQMPGHSSDTSGLSFSQPSCKTRVPHSKLDKGPTGANGHNTTQ
Ddx3	O00571	662	0.332	220	TRUE	O00571_18..150	18	150	133	th_50	disorder	TRUE	TRUE	1	168	TRUE	O00571_1..168	merged	FALSE	168	2	1	168	0.022556390977443608	0.007518796992481203	0.12781954887218044	0.045112781954887216	0.05263157894736842	0.14285714285714285	0.007518796992481203	0.015037593984962405	0.06766917293233082	0.045112781954887216	0	0.03007518796992481	0.03759398496240601	0.015037593984962405	0.11278195488721804	0.20300751879699247	0.015037593984962405	0	0.022556390977443608	0.03007518796992481	0.39097744360902253	0.5864661654135338	0.06015037593984962	0.11278195488721804	0.37593984962406013	0.6240601503759399	0.3609022556390977	0.18796992481203006	0.17293233082706766	0.21804511278195488	0.7969924812030075	0.18796992481203006	0.17293233082706766	2	SER:20.3	GLY:14.29	ASP:12.78	ARG:11.28	TRP:4.1	PHE:3.8	TYR:2.9	ASP:2.5	133	14681.53294	110.38746571428571	1.0390530104413849	8.448035717384252	-0.9475488721804511	2.261466678693233	-0.8272481203007519	-2.924812030075188	-11.72375939849624	-2.4613533834586465	-0.11959548872180456	0.017430112300751897	8.036240601503758	133	1-168	FALSE	FALSE	FALSE	TRUE	GLDLNSSDNQSGGSTASKGRYIPPHLRNREATKGFYDKDSSGWSSSKDKDAYSSFGSRSDSRGKSSFFSDRGSGSRGRFDDRGRSDYDGIGSRGDRSGFGKFERGGNSRWCDKSDEDDWSKPLPPSERLEQEL
Ddx3	O00571	662	0.332	220	TRUE	O00571_18..150	18	150	133	th_50	disorder	TRUE	TRUE	1	168	TRUE	O00571_1..662	phasepdb	TRUE	662	1	1	662	0.022556390977443608	0.007518796992481203	0.12781954887218044	0.045112781954887216	0.05263157894736842	0.14285714285714285	0.007518796992481203	0.015037593984962405	0.06766917293233082	0.045112781954887216	0	0.03007518796992481	0.03759398496240601	0.015037593984962405	0.11278195488721804	0.20300751879699247	0.015037593984962405	0	0.022556390977443608	0.03007518796992481	0.39097744360902253	0.5864661654135338	0.06015037593984962	0.11278195488721804	0.37593984962406013	0.6240601503759399	0.3609022556390977	0.18796992481203006	0.17293233082706766	0.21804511278195488	0.7969924812030075	0.18796992481203006	0.17293233082706766	2	SER:20.3	GLY:14.29	ASP:12.78	ARG:11.28	TRP:4.1	PHE:3.8	TYR:2.9	ASP:2.5	133	14681.53294	110.38746571428571	1.0390530104413849	8.448035717384252	-0.9475488721804511	2.261466678693233	-0.8272481203007519	-2.924812030075188	-11.72375939849624	-2.4613533834586465	-0.11959548872180456	0.017430112300751897	8.036240601503758	133	1-662	FALSE	FALSE	FALSE	TRUE	GLDLNSSDNQSGGSTASKGRYIPPHLRNREATKGFYDKDSSGWSSSKDKDAYSSFGSRSDSRGKSSFFSDRGSGSRGRFDDRGRSDYDGIGSRGDRSGFGKFERGGNSRWCDKSDEDDWSKPLPPSERLEQEL
Ddx3	O00571	662	0.332	220	TRUE	O00571_580..638	580	638	59	th_50	disorder	FALSE	FALSE	1	168	TRUE	O00571_1..662	phasepdb	TRUE	662	1	1	662	0.05084745762711865	0	0.01694915254237288	0	0.06779661016949153	0.2711864406779661	0.01694915254237288	0	0.03389830508474576	0	0	0	0	0.01694915254237288	0.13559322033898305	0.3559322033898305	0	0	0	0.03389830508474576	0.6779661016949152	0.6949152542372882	0	0.11864406779661017	0.423728813559322	0.576271186440678	0.2033898305084746	0.1864406779661017	0.01694915254237288	0.3559322033898305	0.8983050847457628	0.1864406779661017	0.01694915254237288	10	SER:35.59	GLY:27.12	ARG:13.56	PHE:6.78	PHE:4.8	TYR:3.3	GLY:3	SER:2.8	59	5773.99124	97.86425830508475	9.087022487914211	12.510022179767493	-0.36254237288135593	0.7642980313355933	-0.4888474576271187	-1.071186440677966	-5.10135593220339	-0.9447457627118644	0.04788305084745762	0.02384243581355933	4.204915254237288	59	1-662	FALSE	FALSE	FALSE	FALSE	YKGSSRGRSKSSRFSGGFGARDYRQSSGASSSSFSSSRASSSRSGGGGHGSSRGFGGGG
Ddx4	Q9NQI0	724	0.396	287	TRUE	Q9NQI0_24..257	24	257	234	th_50	disorder	TRUE	TRUE	1	236	TRUE	Q9NQI0_1..236	merged	FALSE	236	2	1	236	0.021367521367521368	0.017094017094017096	0.0811965811965812	0.06837606837606838	0.05555555555555555	0.18803418803418803	0.004273504273504274	0.008547008547008548	0.03418803418803419	0.021367521367521368	0.017094017094017096	0.0811965811965812	0.05555555555555555	0.01282051282051282	0.10256410256410256	0.14102564102564102	0.042735042735042736	0.017094017094017096	0.008547008547008548	0.021367521367521368	0.41025641025641024	0.6452991452991453	0.04700854700854701	0.08974358974358974	0.43162393162393164	0.5683760683760684	0.2905982905982906	0.14102564102564102	0.14957264957264957	0.18376068376068377	0.7948717948717948	0.14102564102564102	0.14957264957264957	-2	GLY:18.8	SER:14.1	ARG:10.26	ASP:8.12	PHE:4	ASN:2.7	GLY:2.1	TYR:2.1	234	24974.34514	106.72797068376069	-3.1288121236351456	5.21267642560559	-0.938931623931624	1.950420270637607	-0.9639316239316239	-2.6854700854700853	-11.345470085470087	-2.1276923076923078	-0.0734564102564103	0.028415823735042735	7.966837606837607	234	1-236	FALSE	TRUE	FALSE	FALSE	DRYSGENGDNFNRTPASSSEMDDGPSRRDHFMKSGFASGRNFGNRDAGECNKRDNTSTMGGFGVGKSFGNRGFSNSRFEDGDSSGFWRESSNDCEDNPTRNRGFSKRGGYRDGNNSEASGPYRRGGRGSFRGCRGGFGLGSPNNDLDPDECMQRTGGLFGSRRPVLSGTGNGDTSQSRSGSGSERGGYKGLNEEVITGSGKNSWKSEAEGGESSDTQGPKVTYIPPPPPEDEDS
Ddx4	Q9NQI0	724	0.396	287	TRUE	Q9NQI0_24..257	24	257	234	th_50	disorder	TRUE	TRUE	1	236	TRUE	Q9NQI0_1..724	phasepdb	TRUE	724	1	1	724	0.021367521367521368	0.017094017094017096	0.0811965811965812	0.06837606837606838	0.05555555555555555	0.18803418803418803	0.004273504273504274	0.008547008547008548	0.03418803418803419	0.021367521367521368	0.017094017094017096	0.0811965811965812	0.05555555555555555	0.01282051282051282	0.10256410256410256	0.14102564102564102	0.042735042735042736	0.017094017094017096	0.008547008547008548	0.021367521367521368	0.41025641025641024	0.6452991452991453	0.04700854700854701	0.08974358974358974	0.43162393162393164	0.5683760683760684	0.2905982905982906	0.14102564102564102	0.14957264957264957	0.18376068376068377	0.7948717948717948	0.14102564102564102	0.14957264957264957	-2	GLY:18.8	SER:14.1	ARG:10.26	ASP:8.12	PHE:4	ASN:2.7	GLY:2.1	TYR:2.1	234	24974.34514	106.72797068376069	-3.1288121236351456	5.21267642560559	-0.938931623931624	1.950420270637607	-0.9639316239316239	-2.6854700854700853	-11.345470085470087	-2.1276923076923078	-0.0734564102564103	0.028415823735042735	7.966837606837607	234	1-724	FALSE	TRUE	FALSE	FALSE	DRYSGENGDNFNRTPASSSEMDDGPSRRDHFMKSGFASGRNFGNRDAGECNKRDNTSTMGGFGVGKSFGNRGFSNSRFEDGDSSGFWRESSNDCEDNPTRNRGFSKRGGYRDGNNSEASGPYRRGGRGSFRGCRGGFGLGSPNNDLDPDECMQRTGGLFGSRRPVLSGTGNGDTSQSRSGSGSERGGYKGLNEEVITGSGKNSWKSEAEGGESSDTQGPKVTYIPPPPPEDEDS
DYRK3	O43781	588	0.184	108	TRUE	O43781_94..138	94	138	45	th_50	disorder	TRUE	TRUE	1	188	TRUE	O43781_1..568	merged	FALSE	568	1	1	568	0.022222222222222223	0.044444444444444446	0.06666666666666667	0.022222222222222223	0	0.044444444444444446	0	0.044444444444444446	0.13333333333333333	0.022222222222222223	0	0.08888888888888889	0.044444444444444446	0.044444444444444446	0.022222222222222223	0.26666666666666666	0.06666666666666667	0.06666666666666667	0	0	0.4444444444444444	0.7111111111111111	0.13333333333333333	0	0.28888888888888886	0.7111111111111111	0.24444444444444444	0.15555555555555556	0.08888888888888889	0.3333333333333333	0.8222222222222222	0.15555555555555556	0.08888888888888889	3	SER:26.67	LYS:13.33	ASN:8.89	ASP:6.67	CYS:5.4	ASN:2.9	ILE:2.7	LYS:2.2	45	4701.12854	104.4695231111111	2.8753759283405804	9.505061064911507	-0.3595777777777778	0.6635641321688889	-0.41933333333333334	-1.031111111111111	-5.336	-1.1288888888888888	-0.07474666666666668	-0.058094492511111116	3.9506666666666668	45	1-568	FALSE	FALSE	FALSE	TRUE	NRKSNTIQSDGISDSEKCSPTVSQGKSSDCLNTVKSNSSSKAPKV
Fibrillarin	P22087	321	0.33	106	TRUE	P22087_1..89	1	89	89	th_50	disorder	TRUE	TRUE	1	77	TRUE	P22087_1..321	phasepdb	TRUE	321	1	1	321	0	0	0.011235955056179775	0.011235955056179775	0.06741573033707865	0.550561797752809	0.011235955056179775	0	0.033707865168539325	0	0.02247191011235955	0.033707865168539325	0.02247191011235955	0.011235955056179775	0.16853932584269662	0.033707865168539325	0	0.02247191011235955	0	0	0.5842696629213483	0.6741573033707865	0.02247191011235955	0.07865168539325842	0.6853932584269663	0.3146067415730337	0.23595505617977527	0.21348314606741572	0.02247191011235955	0.033707865168539325	0.8651685393258427	0.21348314606741572	0.02247191011235955	17	GLY:55.06	ARG:16.85	PHE:6.74	LYS:3.37	GLY:6.2	PHE:4.8	ARG:2.6	MET:1.1	89	8191.85844	92.04335325842696	16.090180226142884	13.104755192336983	-0.9672808988764044	2.1195895711348314	-1.260179775280899	-2.2382022471910115	-10.6361797752809	-1.4730337078651685	-0.1109348314606742	0.07704782364044943	8.354382022471912	89	1-321	FALSE	TRUE	TRUE	FALSE	MKPGFSPRGGGFGGRGGFGDRGGRGGRGGFGGGRGRGGGFRGRGRGGGGGGGGGGGGGRGGGGFHSGGNRGRGRGGKRGNQSGKNVMVE
Fibrillarin	P22087	321	0.33	106	TRUE	P22087_1..89	1	89	89	th_50	disorder	TRUE	TRUE	1	77	TRUE	P22087_2..77	merged	FALSE	76	2	2	77	0	0	0.011235955056179775	0.011235955056179775	0.06741573033707865	0.550561797752809	0.011235955056179775	0	0.033707865168539325	0	0.02247191011235955	0.033707865168539325	0.02247191011235955	0.011235955056179775	0.16853932584269662	0.033707865168539325	0	0.02247191011235955	0	0	0.5842696629213483	0.6741573033707865	0.02247191011235955	0.07865168539325842	0.6853932584269663	0.3146067415730337	0.23595505617977527	0.21348314606741572	0.02247191011235955	0.033707865168539325	0.8651685393258427	0.21348314606741572	0.02247191011235955	17	GLY:55.06	ARG:16.85	PHE:6.74	LYS:3.37	GLY:6.2	PHE:4.8	ARG:2.6	MET:1.1	89	8191.85844	92.04335325842696	16.090180226142884	13.104755192336983	-0.9672808988764044	2.1195895711348314	-1.260179775280899	-2.2382022471910115	-10.6361797752809	-1.4730337078651685	-0.1109348314606742	0.07704782364044943	8.354382022471912	89	2-77	FALSE	TRUE	TRUE	FALSE	MKPGFSPRGGGFGGRGGFGDRGGRGGRGGFGGGRGRGGGFRGRGRGGGGGGGGGGGGGRGGGGFHSGGNRGRGRGGKRGNQSGKNVMVE
FMRP	Q06787	632	0.373	236	TRUE	Q06787_442..632	442	632	191	th_50	disorder	TRUE	TRUE	445	632	TRUE	Q06787_445..632	merged	FALSE	188	1	445	632	0.02617801047120419	0.005235602094240838	0.078534031413612565	0.06806282722513089	0.010471204188481676	0.15706806282722513	0.020942408376963352	0.010471204188481676	0.04712041884816754	0.03664921465968586	0.005235602094240838	0.06282722513089005	0.05759162303664921	0.041884816753926704	0.1518324607329843	0.09947643979057591	0.06806282722513089	0.031413612565445025	0.005235602094240838	0.015706806282722512	0.35602094240837695	0.5863874345549738	0.078534031413612565	0.05235602094240838	0.3612565445026178	0.6387434554973822	0.36649214659685864	0.2198952879581152	0.14659685863874344	0.16753926701570682	0.8272251308900523	0.2198952879581152	0.14659685863874344	14	GLY:15.71	ARG:15.18	SER:9.95	ASP:7.85	ARG:2.3	ASN:2.1	GLY:1.8	TYR:1.5	191	20970.44854	109.79292429319372	10.324117230094135	10.859229004946666	-0.6020523560209424	1.2890578352842934	-0.46460209424083765	-1.7031413612565445	-6.394869109947645	-1.3486387434554976	-0.11934293193717278	-0.03150098159162304	3.8929319371727744	191	445-632	FALSE	FALSE	TRUE	FALSE	RQIGASSRPPPNRTDKEKSYVTDDGQGMGRGSRPYRNRGHGRRGPGYTSGTNSEASNASETESDHRDELSDWSLAPTEEERESFLRRGDGRRRGGGGRGQGGRGRGGGFKGNDDHSRTDNRPRNPREAKGRTTDGSLQIRVDCNNERSVHTKTLQNTSSEGSRLRTGKDRNQKKEKPDSVDGQQPLVNGVP
FUS	P35637	526	0.846	445	TRUE	P35637_1..286	1	286	286	th_50	disorder	TRUE	TRUE	1	214	TRUE	P35637_1..526	merged	TRUE	526	2	1	526	0.013986013986013986	0	0.03496503496503497	0.006993006993006993	0.006993006993006993	0.2937062937062937	0.0034965034965034965	0	0.0034965034965034965	0	0.01048951048951049	0.04195804195804196	0.045454545454545456	0.15734265734265734	0.038461538461538464	0.20279720279720279	0.038461538461538464	0	0	0.10139860139860139	0.548951048951049	0.6713286713286714	0	0.11188811188811189	0.47202797202797203	0.527972027972028	0.08741258741258741	0.045454545454545456	0.04195804195804196	0.24125874125874125	0.8356643356643356	0.045454545454545456	0.04195804195804196	1	GLY:29.37	SER:20.28	GLN:15.73	TYR:10.14	TYR:9.9	GLY:3.3	GLN:3	SER:1.6	286	28467.55564	99.53690783216783	0.0719150068576766	7.397108922362265	-1.428513986013986	1.334600037794056	-1.7660034965034965	-4.466433566433567	-14.573286713286713	-1.99972027972028	-0.10266503496503494	0.05877413181818185	12.350244755244756	286	1-526	FALSE	TRUE	TRUE	FALSE	MASNDYTQQATQSYGAYPTQPGQGYSQQSSQPYGQQSYSGYSQSTDTSGYGQSSYSSYGQSQNTGYGTQSTPQGYGSTGGYGSSQSSQSSYGQQSSYPGYGQQPAPSSTSGSYGSSSQSSSYGQPQSGSYSQQPSYGGQQQSYGQQQSYNPPQGYGQQNQYNSSSGGGGGGGGGGNYGQDQSSMSSGGGSGGGYGNQDQSGGGGSGGYGQQDRGGRGRGGSGGGGGGGGGGYNRSSGGYEPRGRGGGRGGRGGMGGSDRGGFNKFGGPRDQGSRHDSEQDNSDNNT
FUS	P35637	526	0.846	445	TRUE	P35637_1..286	1	286	286	th_50	disorder	TRUE	TRUE	1	214	TRUE	P35637_1..526	phasepro	TRUE	526	2	1	526	0.013986013986013986	0	0.03496503496503497	0.006993006993006993	0.006993006993006993	0.2937062937062937	0.0034965034965034965	0	0.0034965034965034965	0	0.01048951048951049	0.04195804195804196	0.045454545454545456	0.15734265734265734	0.038461538461538464	0.20279720279720279	0.038461538461538464	0	0	0.10139860139860139	0.548951048951049	0.6713286713286714	0	0.11188811188811189	0.47202797202797203	0.527972027972028	0.08741258741258741	0.045454545454545456	0.04195804195804196	0.24125874125874125	0.8356643356643356	0.045454545454545456	0.04195804195804196	1	GLY:29.37	SER:20.28	GLN:15.73	TYR:10.14	TYR:9.9	GLY:3.3	GLN:3	SER:1.6	286	28467.55564	99.53690783216783	0.0719150068576766	7.397108922362265	-1.428513986013986	1.334600037794056	-1.7660034965034965	-4.466433566433567	-14.573286713286713	-1.99972027972028	-0.10266503496503494	0.05877413181818185	12.350244755244756	286	NA	FALSE	TRUE	TRUE	FALSE	MASNDYTQQATQSYGAYPTQPGQGYSQQSSQPYGQQSYSGYSQSTDTSGYGQSSYSSYGQSQNTGYGTQSTPQGYGSTGGYGSSQSSQSSYGQQSSYPGYGQQPAPSSTSGSYGSSSQSSSYGQPQSGSYSQQPSYGGQQQSYGQQQSYNPPQGYGQQNQYNSSSGGGGGGGGGGNYGQDQSSMSSGGGSGGGYGNQDQSGGGGSGGYGQQDRGGRGRGGSGGGGGGGGGGYNRSSGGYEPRGRGGGRGGRGGMGGSDRGGFNKFGGPRDQGSRHDSEQDNSDNNT
FUS	P35637	526	0.846	445	TRUE	P35637_1..286	1	286	286	th_50	disorder	TRUE	TRUE	1	214	TRUE	P35637_1..526	phasepdb	TRUE	526	2	1	526	0.013986013986013986	0	0.03496503496503497	0.006993006993006993	0.006993006993006993	0.2937062937062937	0.0034965034965034965	0	0.0034965034965034965	0	0.01048951048951049	0.04195804195804196	0.045454545454545456	0.15734265734265734	0.038461538461538464	0.20279720279720279	0.038461538461538464	0	0	0.10139860139860139	0.548951048951049	0.6713286713286714	0	0.11188811188811189	0.47202797202797203	0.527972027972028	0.08741258741258741	0.045454545454545456	0.04195804195804196	0.24125874125874125	0.8356643356643356	0.045454545454545456	0.04195804195804196	1	GLY:29.37	SER:20.28	GLN:15.73	TYR:10.14	TYR:9.9	GLY:3.3	GLN:3	SER:1.6	286	28467.55564	99.53690783216783	0.0719150068576766	7.397108922362265	-1.428513986013986	1.334600037794056	-1.7660034965034965	-4.466433566433567	-14.573286713286713	-1.99972027972028	-0.10266503496503494	0.05877413181818185	12.350244755244756	286	1-526	FALSE	TRUE	TRUE	FALSE	MASNDYTQQATQSYGAYPTQPGQGYSQQSSQPYGQQSYSGYSQSTDTSGYGQSSYSSYGQSQNTGYGTQSTPQGYGSTGGYGSSQSSQSSYGQQSSYPGYGQQPAPSSTSGSYGSSSQSSSYGQPQSGSYSQQPSYGGQQQSYGQQQSYNPPQGYGQQNQYNSSSGGGGGGGGGGNYGQDQSSMSSGGGSGGGYGNQDQSGGGGSGGYGQQDRGGRGRGGSGGGGGGGGGGYNRSSGGYEPRGRGGGRGGRGGMGGSDRGGFNKFGGPRDQGSRHDSEQDNSDNNT
FUS	P35637	526	0.846	445	TRUE	P35637_373..432	373	432	60	th_50	disorder	FALSE	FALSE	1	214	TRUE	P35637_1..526	merged	TRUE	526	2	1	526	0.03333333333333333	0.016666666666666666	0.03333333333333333	0	0.03333333333333333	0.5	0	0	0.016666666666666666	0	0.016666666666666666	0.05	0.06666666666666667	0.03333333333333333	0.11666666666666667	0.03333333333333333	0.016666666666666666	0	0.016666666666666666	0.016666666666666666	0.6	0.75	0	0.06666666666666667	0.7	0.3	0.16666666666666666	0.13333333333333333	0.03333333333333333	0.05	0.85	0.13333333333333333	0.03333333333333333	6	GLY:50	ARG:11.67	PRO:6.67	ASN:5	GLY:5.6	TRP:3	PHE:2.4	CYS:2	60	5463.76854	91.062809	5.935733924605332	12.118907656553844	-1.5319	2.713444514885	-2.1488	-3.4600000000000004	-15.87	-1.7880000000000003	-0.21476500000000004	0.0951381828	12.496999999999998	60	1-526	FALSE	FALSE	FALSE	FALSE	ADFNRGGGNGRGGRGRGGPMGRGGYGGGGSGGGGRGGFPSGGGGGGGQQRAGDWKCPNPT
FUS	P35637	526	0.846	445	TRUE	P35637_373..432	373	432	60	th_50	disorder	FALSE	FALSE	1	214	TRUE	P35637_1..526	phasepro	TRUE	526	2	1	526	0.03333333333333333	0.016666666666666666	0.03333333333333333	0	0.03333333333333333	0.5	0	0	0.016666666666666666	0	0.016666666666666666	0.05	0.06666666666666667	0.03333333333333333	0.11666666666666667	0.03333333333333333	0.016666666666666666	0	0.016666666666666666	0.016666666666666666	0.6	0.75	0	0.06666666666666667	0.7	0.3	0.16666666666666666	0.13333333333333333	0.03333333333333333	0.05	0.85	0.13333333333333333	0.03333333333333333	6	GLY:50	ARG:11.67	PRO:6.67	ASN:5	GLY:5.6	TRP:3	PHE:2.4	CYS:2	60	5463.76854	91.062809	5.935733924605332	12.118907656553844	-1.5319	2.713444514885	-2.1488	-3.4600000000000004	-15.87	-1.7880000000000003	-0.21476500000000004	0.0951381828	12.496999999999998	60	NA	FALSE	FALSE	FALSE	FALSE	ADFNRGGGNGRGGRGRGGPMGRGGYGGGGSGGGGRGGFPSGGGGGGGQQRAGDWKCPNPT
FUS	P35637	526	0.846	445	TRUE	P35637_373..432	373	432	60	th_50	disorder	FALSE	FALSE	1	214	TRUE	P35637_1..526	phasepdb	TRUE	526	2	1	526	0.03333333333333333	0.016666666666666666	0.03333333333333333	0	0.03333333333333333	0.5	0	0	0.016666666666666666	0	0.016666666666666666	0.05	0.06666666666666667	0.03333333333333333	0.11666666666666667	0.03333333333333333	0.016666666666666666	0	0.016666666666666666	0.016666666666666666	0.6	0.75	0	0.06666666666666667	0.7	0.3	0.16666666666666666	0.13333333333333333	0.03333333333333333	0.05	0.85	0.13333333333333333	0.03333333333333333	6	GLY:50	ARG:11.67	PRO:6.67	ASN:5	GLY:5.6	TRP:3	PHE:2.4	CYS:2	60	5463.76854	91.062809	5.935733924605332	12.118907656553844	-1.5319	2.713444514885	-2.1488	-3.4600000000000004	-15.87	-1.7880000000000003	-0.21476500000000004	0.0951381828	12.496999999999998	60	1-526	FALSE	FALSE	FALSE	FALSE	ADFNRGGGNGRGGRGRGGPMGRGGYGGGGSGGGGRGGFPSGGGGGGGQQRAGDWKCPNPT
FUS	P35637	526	0.846	445	TRUE	P35637_439..526	439	526	88	th_50	disorder	FALSE	FALSE	1	214	TRUE	P35637_1..526	merged	TRUE	526	2	1	526	0.011363636363636364	0.022727272727272728	0.09090909090909091	0.03409090909090909	0.022727272727272728	0.3409090909090909	0.022727272727272728	0	0.03409090909090909	0	0.022727272727272728	0.03409090909090909	0.06818181818181818	0.022727272727272728	0.18181818181818182	0.03409090909090909	0	0	0.011363636363636364	0.045454545454545456	0.4090909090909091	0.6022727272727273	0	0.10227272727272728	0.5454545454545454	0.45454545454545453	0.36363636363636365	0.23863636363636365	0.125	0.03409090909090909	0.8295454545454546	0.23863636363636365	0.125	10	GLY:34.09	ARG:18.18	ASP:9.09	PRO:6.82	TYR:4.4	GLY:3.8	ARG:2.8	CYS:2.7	88	9310.95164	105.80626863636363	8.06041055160442	10.765028294661478	-1.9347954545454547	4.237561047845454	-1.7572840909090908	-5.454545454545454	-19.093636363636367	-3.502840909090909	-0.33078750000000007	0.06961144169318181	12.058295454545453	88	1-526	FALSE	FALSE	FALSE	FALSE	SWRNECNQCKAPKPDGPGGGPGGSHMGGNYGDDRRGGRGGYDRGGYRGRGGDRGGFRGGRGGGDRGGFGPGKMDSRGEHRQDRRERPY
FUS	P35637	526	0.846	445	TRUE	P35637_439..526	439	526	88	th_50	disorder	FALSE	FALSE	1	214	TRUE	P35637_1..526	phasepro	TRUE	526	2	1	526	0.011363636363636364	0.022727272727272728	0.09090909090909091	0.03409090909090909	0.022727272727272728	0.3409090909090909	0.022727272727272728	0	0.03409090909090909	0	0.022727272727272728	0.03409090909090909	0.06818181818181818	0.022727272727272728	0.18181818181818182	0.03409090909090909	0	0	0.011363636363636364	0.045454545454545456	0.4090909090909091	0.6022727272727273	0	0.10227272727272728	0.5454545454545454	0.45454545454545453	0.36363636363636365	0.23863636363636365	0.125	0.03409090909090909	0.8295454545454546	0.23863636363636365	0.125	10	GLY:34.09	ARG:18.18	ASP:9.09	PRO:6.82	TYR:4.4	GLY:3.8	ARG:2.8	CYS:2.7	88	9310.95164	105.80626863636363	8.06041055160442	10.765028294661478	-1.9347954545454547	4.237561047845454	-1.7572840909090908	-5.454545454545454	-19.093636363636367	-3.502840909090909	-0.33078750000000007	0.06961144169318181	12.058295454545453	88	NA	FALSE	FALSE	FALSE	FALSE	SWRNECNQCKAPKPDGPGGGPGGSHMGGNYGDDRRGGRGGYDRGGYRGRGGDRGGFRGGRGGGDRGGFGPGKMDSRGEHRQDRRERPY
FUS	P35637	526	0.846	445	TRUE	P35637_439..526	439	526	88	th_50	disorder	FALSE	FALSE	1	214	TRUE	P35637_1..526	phasepdb	TRUE	526	2	1	526	0.011363636363636364	0.022727272727272728	0.09090909090909091	0.03409090909090909	0.022727272727272728	0.3409090909090909	0.022727272727272728	0	0.03409090909090909	0	0.022727272727272728	0.03409090909090909	0.06818181818181818	0.022727272727272728	0.18181818181818182	0.03409090909090909	0	0	0.011363636363636364	0.045454545454545456	0.4090909090909091	0.6022727272727273	0	0.10227272727272728	0.5454545454545454	0.45454545454545453	0.36363636363636365	0.23863636363636365	0.125	0.03409090909090909	0.8295454545454546	0.23863636363636365	0.125	10	GLY:34.09	ARG:18.18	ASP:9.09	PRO:6.82	TYR:4.4	GLY:3.8	ARG:2.8	CYS:2.7	88	9310.95164	105.80626863636363	8.06041055160442	10.765028294661478	-1.9347954545454547	4.237561047845454	-1.7572840909090908	-5.454545454545454	-19.093636363636367	-3.502840909090909	-0.33078750000000007	0.06961144169318181	12.058295454545453	88	1-526	FALSE	FALSE	FALSE	FALSE	SWRNECNQCKAPKPDGPGGGPGGSHMGGNYGDDRRGGRGGYDRGGYRGRGGDRGGFRGGRGGGDRGGFGPGKMDSRGEHRQDRRERPY
G3BP1	Q13283	466	0.545	254	TRUE	Q13283_141..333	141	333	193	th_50	disorder	TRUE	TRUE	142	466	FALSE	Q13283_11..133	merged	FALSE	123	3	11	133	0.05699481865284974	0	0.05181347150259067	0.18134715025906736	0.015544041450777202	0.031088082901554404	0.010362694300518135	0.04145077720207254	0.025906735751295335	0.02072538860103627	0.010362694300518135	0.015544041450777202	0.17098445595854922	0.08808290155440414	0.06735751295336788	0.07253886010362694	0.04145077720207254	0.08808290155440414	0.0051813471502590676	0.0051813471502590676	0.20207253886010362	0.5284974093264249	0.15025906735751296	0.03626943005181347	0.44559585492227977	0.5544041450777202	0.33678756476683935	0.10362694300518134	0.23316062176165803	0.11398963730569948	0.6424870466321243	0.10362694300518134	0.23316062176165803	-25	GLU:18.13	PRO:17.1	GLN:8.81	VAL:8.81	VAL:2.6	ILE:2.5	GLU:2.1	GLN:1.7	193	21607.50334	111.95597585492227	-26.755972011517297	3.96965658085	-1.2279481865284974	2.9698441282414514	-1.522383419689119	-3.598445595854922	-20.315284974093267	-2.586373056994819	-0.3251253886010363	-0.1213823089274611	11.022279792746115	193	11-133	TRUE	FALSE	FALSE	FALSE	FVTEPQEESEEEVEEPEERQQTPEVVPDDSGTFYDQAVVSNDMEEHLEEPVAEPEPDPEPEPEQEPVSEIQEEKPEPVLEETAPEDAQKSSSPAPADIAQTVQEDLRTFSWASVTSKNLPPSGAVPVTGIPPHVVKVPASQPRPESKPESQIPPQRPQRDQRVREQRINIPPQRGPRPIREAGEQGDIEPRRM
G3BP1	Q13283	466	0.545	254	TRUE	Q13283_141..333	141	333	193	th_50	disorder	TRUE	TRUE	142	466	TRUE	Q13283_1..466	phasepdb	TRUE	466	2	1	466	0.05699481865284974	0	0.05181347150259067	0.18134715025906736	0.015544041450777202	0.031088082901554404	0.010362694300518135	0.04145077720207254	0.025906735751295335	0.02072538860103627	0.010362694300518135	0.015544041450777202	0.17098445595854922	0.08808290155440414	0.06735751295336788	0.07253886010362694	0.04145077720207254	0.08808290155440414	0.0051813471502590676	0.0051813471502590676	0.20207253886010362	0.5284974093264249	0.15025906735751296	0.03626943005181347	0.44559585492227977	0.5544041450777202	0.33678756476683935	0.10362694300518134	0.23316062176165803	0.11398963730569948	0.6424870466321243	0.10362694300518134	0.23316062176165803	-25	GLU:18.13	PRO:17.1	GLN:8.81	VAL:8.81	VAL:2.6	ILE:2.5	GLU:2.1	GLN:1.7	193	21607.50334	111.95597585492227	-26.755972011517297	3.96965658085	-1.2279481865284974	2.9698441282414514	-1.522383419689119	-3.598445595854922	-20.315284974093267	-2.586373056994819	-0.3251253886010363	-0.1213823089274611	11.022279792746115	193	1-466	TRUE	FALSE	FALSE	FALSE	FVTEPQEESEEEVEEPEERQQTPEVVPDDSGTFYDQAVVSNDMEEHLEEPVAEPEPDPEPEPEQEPVSEIQEEKPEPVLEETAPEDAQKSSSPAPADIAQTVQEDLRTFSWASVTSKNLPPSGAVPVTGIPPHVVKVPASQPRPESKPESQIPPQRPQRDQRVREQRINIPPQRGPRPIREAGEQGDIEPRRM
G3BP1	Q13283	466	0.545	254	TRUE	Q13283_141..333	141	333	193	th_50	disorder	TRUE	TRUE	142	466	TRUE	Q13283_225..466	merged	FALSE	242	3	225	466	0.05699481865284974	0	0.05181347150259067	0.18134715025906736	0.015544041450777202	0.031088082901554404	0.010362694300518135	0.04145077720207254	0.025906735751295335	0.02072538860103627	0.010362694300518135	0.015544041450777202	0.17098445595854922	0.08808290155440414	0.06735751295336788	0.07253886010362694	0.04145077720207254	0.08808290155440414	0.0051813471502590676	0.0051813471502590676	0.20207253886010362	0.5284974093264249	0.15025906735751296	0.03626943005181347	0.44559585492227977	0.5544041450777202	0.33678756476683935	0.10362694300518134	0.23316062176165803	0.11398963730569948	0.6424870466321243	0.10362694300518134	0.23316062176165803	-25	GLU:18.13	PRO:17.1	GLN:8.81	VAL:8.81	VAL:2.6	ILE:2.5	GLU:2.1	GLN:1.7	193	21607.50334	111.95597585492227	-26.755972011517297	3.96965658085	-1.2279481865284974	2.9698441282414514	-1.522383419689119	-3.598445595854922	-20.315284974093267	-2.586373056994819	-0.3251253886010363	-0.1213823089274611	11.022279792746115	193	225-466	TRUE	FALSE	FALSE	FALSE	FVTEPQEESEEEVEEPEERQQTPEVVPDDSGTFYDQAVVSNDMEEHLEEPVAEPEPDPEPEPEQEPVSEIQEEKPEPVLEETAPEDAQKSSSPAPADIAQTVQEDLRTFSWASVTSKNLPPSGAVPVTGIPPHVVKVPASQPRPESKPESQIPPQRPQRDQRVREQRINIPPQRGPRPIREAGEQGDIEPRRM
G3BP1	Q13283	466	0.545	254	TRUE	Q13283_413..466	413	466	54	th_50	disorder	FALSE	TRUE	142	466	TRUE	Q13283_1..466	phasepdb	TRUE	466	2	1	466	0.05555555555555555	0	0.037037037037037035	0.018518518518518517	0.018518518518518517	0.2962962962962963	0	0	0.05555555555555555	0.05555555555555555	0.037037037037037035	0.018518518518518517	0.1111111111111111	0.037037037037037035	0.2037037037037037	0	0.018518518518518517	0.037037037037037035	0	0	0.37037037037037035	0.5740740740740741	0.09259259259259259	0.018518518518518517	0.6111111111111112	0.3888888888888889	0.3148148148148148	0.25925925925925924	0.05555555555555555	0.018518518518518517	0.7407407407407407	0.25925925925925924	0.05555555555555555	11	GLY:29.63	ARG:20.37	PRO:11.11	ALA:5.56	GLY:3.3	ARG:3.1	MET:1.9	PHE:1.3	54	5607.43524	103.84139333333333	10.999730864589804	12.748756499376764	-0.9337037037037037	2.5058200666	-1.066888888888889	-2.4851851851851854	-13.088148148148148	-1.7940740740740742	-0.15245925925925932	0.02775935859259259	8.06962962962963	54	1-466	FALSE	FALSE	FALSE	TRUE	KKTRAAREGDRRDNRLRGPGGPRGGLGGGMRGPPRGGMVQKPGFGVGRGLAPRQ
G3BP1	Q13283	466	0.545	254	TRUE	Q13283_413..466	413	466	54	th_50	disorder	FALSE	TRUE	142	466	TRUE	Q13283_225..466	merged	FALSE	242	3	225	466	0.05555555555555555	0	0.037037037037037035	0.018518518518518517	0.018518518518518517	0.2962962962962963	0	0	0.05555555555555555	0.05555555555555555	0.037037037037037035	0.018518518518518517	0.1111111111111111	0.037037037037037035	0.2037037037037037	0	0.018518518518518517	0.037037037037037035	0	0	0.37037037037037035	0.5740740740740741	0.09259259259259259	0.018518518518518517	0.6111111111111112	0.3888888888888889	0.3148148148148148	0.25925925925925924	0.05555555555555555	0.018518518518518517	0.7407407407407407	0.25925925925925924	0.05555555555555555	11	GLY:29.63	ARG:20.37	PRO:11.11	ALA:5.56	GLY:3.3	ARG:3.1	MET:1.9	PHE:1.3	54	5607.43524	103.84139333333333	10.999730864589804	12.748756499376764	-0.9337037037037037	2.5058200666	-1.066888888888889	-2.4851851851851854	-13.088148148148148	-1.7940740740740742	-0.15245925925925932	0.02775935859259259	8.06962962962963	54	225-466	FALSE	FALSE	FALSE	TRUE	KKTRAAREGDRRDNRLRGPGGPRGGLGGGMRGPPRGGMVQKPGFGVGRGLAPRQ
GATA3	P23771	443	0.582	258	TRUE	P23771_113..222	113	222	110	th_50	disorder	TRUE	TRUE	105	260	TRUE	P23771_1..443	phasepdb	TRUE	443	1	1	443	0.05454545454545454	0.00909090909090909	0.03636363636363636	0.02727272727272727	0.02727272727272727	0.08181818181818182	0.06363636363636363	0.01818181818181818	0.045454545454545456	0.08181818181818182	0.01818181818181818	0.00909090909090909	0.14545454545454545	0.01818181818181818	0.01818181818181818	0.21818181818181817	0.07272727272727272	0.02727272727272727	0	0.02727272727272727	0.43636363636363634	0.6545454545454545	0.12727272727272726	0.11818181818181818	0.4909090909090909	0.509090909090909	0.19090909090909092	0.12727272727272726	0.06363636363636363	0.2909090909090909	0.6545454545454545	0.12727272727272726	0.06363636363636363	7	SER:21.82	PRO:14.55	GLY:8.18	LEU:8.18	HIS:2.7	TYR:2.6	PHE:1.9	SER:1.7	110	11380.57224	103.45974763636363	0.5754514901730139	7.808857249722413	-0.29825454545454544	0.41652608892181825	-0.9727818181818182	-1.1363636363636365	-10.223636363636365	-0.6723636363636363	0.1863690909090909	0.10257118432727275	8.18909090909091	110	1-443	FALSE	FALSE	FALSE	TRUE	NLSPFSKTSIHHGSPGPLSVYPPASSSSLSGGHASPHLFTFPPTPPKDVSPDPSLSTPGSAGSARQDEKECLKYQVPLPDSMKLESSHSRGSMTALGGASSSTHHPITTY
GATA3	P23771	443	0.582	258	TRUE	P23771_113..222	113	222	110	th_50	disorder	TRUE	TRUE	105	260	TRUE	P23771_105..260	merged	FALSE	156	2	105	260	0.05454545454545454	0.00909090909090909	0.03636363636363636	0.02727272727272727	0.02727272727272727	0.08181818181818182	0.06363636363636363	0.01818181818181818	0.045454545454545456	0.08181818181818182	0.01818181818181818	0.00909090909090909	0.14545454545454545	0.01818181818181818	0.01818181818181818	0.21818181818181817	0.07272727272727272	0.02727272727272727	0	0.02727272727272727	0.43636363636363634	0.6545454545454545	0.12727272727272726	0.11818181818181818	0.4909090909090909	0.509090909090909	0.19090909090909092	0.12727272727272726	0.06363636363636363	0.2909090909090909	0.6545454545454545	0.12727272727272726	0.06363636363636363	7	SER:21.82	PRO:14.55	GLY:8.18	LEU:8.18	HIS:2.7	TYR:2.6	PHE:1.9	SER:1.7	110	11380.57224	103.45974763636363	0.5754514901730139	7.808857249722413	-0.29825454545454544	0.41652608892181825	-0.9727818181818182	-1.1363636363636365	-10.223636363636365	-0.6723636363636363	0.1863690909090909	0.10257118432727275	8.18909090909091	110	105-260	FALSE	FALSE	FALSE	TRUE	NLSPFSKTSIHHGSPGPLSVYPPASSSSLSGGHASPHLFTFPPTPPKDVSPDPSLSTPGSAGSARQDEKECLKYQVPLPDSMKLESSHSRGSMTALGGASSSTHHPITTY
GATA3	P23771	443	0.582	258	TRUE	P23771_359..394	359	394	36	th_50	disorder	FALSE	FALSE	105	260	TRUE	P23771_1..443	phasepdb	TRUE	443	1	1	443	0.027777777777777776	0.027777777777777776	0.05555555555555555	0.05555555555555555	0.05555555555555555	0.027777777777777776	0.027777777777777776	0.027777777777777776	0.19444444444444445	0.027777777777777776	0.027777777777777776	0.08333333333333333	0.05555555555555555	0.027777777777777776	0.05555555555555555	0.16666666666666666	0.027777777777777776	0.027777777777777776	0	0	0.2777777777777778	0.5	0.08333333333333333	0.08333333333333333	0.3055555555555556	0.6944444444444444	0.3888888888888889	0.2777777777777778	0.1111111111111111	0.19444444444444445	0.7777777777777778	0.2777777777777778	0.1111111111111111	6	LYS:19.44	SER:16.67	ASN:8.33	ASP:5.56	PHE:4	CYS:3.4	LYS:3.2	ASN:2.7	36	4123.67474	114.54652055555556	5.02929002861358	10.671495551402842	-0.4168611111111111	1.0470347017611112	-0.363	-1.452777777777778	-5.976388888888889	-1.2161111111111111	-0.1343416666666667	-0.052152495500000014	3.9427777777777777	36	1-443	FALSE	FALSE	FALSE	FALSE	EGIQTRNRKMSSKSKKCKKVHDSLEDFPKNSSFNPA
GATA3	P23771	443	0.582	258	TRUE	P23771_407..443	407	443	37	th_50	disorder	FALSE	FALSE	105	260	TRUE	P23771_1..443	phasepdb	TRUE	443	1	1	443	0.02702702702702703	0	0	0	0.05405405405405406	0.05405405405405406	0.13513513513513514	0	0	0.05405405405405406	0.10810810810810811	0	0.1891891891891892	0	0	0.24324324324324326	0.10810810810810811	0.02702702702702703	0	0	0.43243243243243246	0.6486486486486487	0.08108108108108109	0.1891891891891892	0.5135135135135135	0.4864864864864865	0.13513513513513514	0.13513513513513514	0	0.35135135135135137	0.5675675675675675	0.13513513513513514	0	5	SER:24.32	PRO:18.92	HIS:13.51	MET:10.81	HIS:5.7	MET:5.4	PHE:3.9	SER:1.9	37	3901.4194399999997	105.44376864864864	0.4525297539382014	7.934136466194322	-0.01051351351351349	-0.31943752853243246	-0.49421621621621614	-0.3027027027027028	-4.577027027027027	0.0616216216216216	0.2656216216216216	0.12778535527027027	4.2043243243243245	37	1-443	FALSE	FALSE	FALSE	FALSE	SPFSHSSHMLTTPTPMHPPSSLSFGPHHPSSMVTAMG
hnRNPA1	P09651	372	0.505	188	TRUE	P09651_181..218	181	218	38	th_50	disorder	FALSE	TRUE	186	372	TRUE	P09651_1..372	merged	TRUE	372	1	1	372	0.05263157894736842	0	0.02631578947368421	0.02631578947368421	0.07894736842105263	0.3157894736842105	0	0	0.02631578947368421	0.02631578947368421	0.02631578947368421	0.07894736842105263	0	0.05263157894736842	0.10526315789473684	0.18421052631578946	0	0	0	0	0.5526315789473685	0.6578947368421053	0.02631578947368421	0.07894736842105263	0.5	0.5	0.18421052631578946	0.13157894736842105	0.05263157894736842	0.18421052631578946	0.868421052631579	0.13157894736842105	0.05263157894736842	3	GLY:31.58	SER:18.42	ARG:10.53	PHE:7.89	PHE:5.6	GLY:3.5	ASN:2.6	ARG:1.6	38	3735.92584	98.31383789473684	2.999897627240558	12.05318140452317	-0.8686842105263157	1.5478943937	-0.942421052631579	-2.0578947368421052	-9.986315789473684	-1.6805263157894736	-0.005515789473684224	0.043918817368421056	8.25263157894737	38	1-372	TRUE	FALSE	FALSE	FALSE	LSKQEMASASSSQRGRSGSGNFGGGRGGGFGGNDNFGR
hnRNPA1	P09651	372	0.505	188	TRUE	P09651_181..218	181	218	38	th_50	disorder	FALSE	TRUE	186	372	TRUE	P09651_1..372	phasepdb	TRUE	372	1	1	372	0.05263157894736842	0	0.02631578947368421	0.02631578947368421	0.07894736842105263	0.3157894736842105	0	0	0.02631578947368421	0.02631578947368421	0.02631578947368421	0.07894736842105263	0	0.05263157894736842	0.10526315789473684	0.18421052631578946	0	0	0	0	0.5526315789473685	0.6578947368421053	0.02631578947368421	0.07894736842105263	0.5	0.5	0.18421052631578946	0.13157894736842105	0.05263157894736842	0.18421052631578946	0.868421052631579	0.13157894736842105	0.05263157894736842	3	GLY:31.58	SER:18.42	ARG:10.53	PHE:7.89	PHE:5.6	GLY:3.5	ASN:2.6	ARG:1.6	38	3735.92584	98.31383789473684	2.999897627240558	12.05318140452317	-0.8686842105263157	1.5478943937	-0.942421052631579	-2.0578947368421052	-9.986315789473684	-1.6805263157894736	-0.005515789473684224	0.043918817368421056	8.25263157894737	38	1-372	TRUE	FALSE	FALSE	FALSE	LSKQEMASASSSQRGRSGSGNFGGGRGGGFGGNDNFGR
hnRNPA1	P09651	372	0.505	188	TRUE	P09651_316..372	316	372	57	th_50	disorder	TRUE	TRUE	186	372	TRUE	P09651_1..372	merged	TRUE	372	1	1	372	0.017543859649122806	0	0	0	0.07017543859649122	0.2982456140350877	0	0	0.03508771929824561	0	0.017543859649122806	0.10526315789473684	0.05263157894736842	0.05263157894736842	0.07017543859649122	0.19298245614035087	0	0	0	0.08771929824561403	0.5087719298245614	0.6666666666666666	0	0.15789473684210525	0.543859649122807	0.45614035087719296	0.10526315789473684	0.10526315789473684	0	0.19298245614035087	0.7719298245614035	0.10526315789473684	0	6	GLY:29.82	SER:19.3	ASN:10.53	TYR:8.77	TYR:8.5	PHE:5	ASN:3.5	GLY:3.3	57	5794.07874	101.65050421052632	5.993128915396174	10.720441185358847	-0.6306315789473685	0.8365939506140351	-1.0747368421052632	-2.431578947368421	-9.404912280701755	-1.0382456140350877	0.10224561403508772	0.13599928	8.491228070175438	57	1-372	FALSE	FALSE	FALSE	TRUE	GNYNNQSSNFGPMKGGNFGGRSSGPYGGGGQYFAKPRNQGGYGGSSSSSSYGSGRRF
hnRNPA1	P09651	372	0.505	188	TRUE	P09651_316..372	316	372	57	th_50	disorder	TRUE	TRUE	186	372	TRUE	P09651_1..372	phasepdb	TRUE	372	1	1	372	0.017543859649122806	0	0	0	0.07017543859649122	0.2982456140350877	0	0	0.03508771929824561	0	0.017543859649122806	0.10526315789473684	0.05263157894736842	0.05263157894736842	0.07017543859649122	0.19298245614035087	0	0	0	0.08771929824561403	0.5087719298245614	0.6666666666666666	0	0.15789473684210525	0.543859649122807	0.45614035087719296	0.10526315789473684	0.10526315789473684	0	0.19298245614035087	0.7719298245614035	0.10526315789473684	0	6	GLY:29.82	SER:19.3	ASN:10.53	TYR:8.77	TYR:8.5	PHE:5	ASN:3.5	GLY:3.3	57	5794.07874	101.65050421052632	5.993128915396174	10.720441185358847	-0.6306315789473685	0.8365939506140351	-1.0747368421052632	-2.431578947368421	-9.404912280701755	-1.0382456140350877	0.10224561403508772	0.13599928	8.491228070175438	57	1-372	FALSE	FALSE	FALSE	TRUE	GNYNNQSSNFGPMKGGNFGGRSSGPYGGGGQYFAKPRNQGGYGGSSSSSSYGSGRRF
HP1	P45973	191	0.534	102	TRUE	P45973_70..122	70	122	53	th_50	disorder	TRUE	TRUE	1	177	TRUE	P45973_1..177	merged	FALSE	177	2	1	177	0.03773584905660377	0	0.05660377358490566	0.1320754716981132	0.03773584905660377	0.05660377358490566	0	0.03773584905660377	0.20754716981132076	0.018867924528301886	0.018867924528301886	0.11320754716981132	0.018867924528301886	0.018867924528301886	0.09433962264150944	0.1320754716981132	0	0	0	0.018867924528301886	0.22641509433962265	0.41509433962264153	0.05660377358490566	0.05660377358490566	0.24528301886792453	0.7547169811320755	0.49056603773584906	0.3018867924528302	0.18867924528301888	0.1320754716981132	0.8490566037735849	0.3018867924528302	0.18867924528301888	6	LYS:20.75	GLU:13.21	SER:13.21	ASN:11.32	ASN:3.7	LYS:3.4	PHE:2.7	ILE:2.3	53	6218.87304	117.33722716981133	6.007637267986825	10.589754877950993	-1.296	3.594930649245283	-0.7894339622641509	-4.1773584905660375	-13.833207547169813	-3.368301886792453	-0.5805283018867925	-0.2525065742264151	7.552452830188678	53	1-177	FALSE	FALSE	FALSE	TRUE	YKKMKEGENNKPREKSESNKRKSNFSNSADDIKSKKKREQSNDIARGFERGLE
HP1	P45973	191	0.534	102	TRUE	P45973_70..122	70	122	53	th_50	disorder	TRUE	TRUE	1	177	TRUE	P45973_1..191	phasepdb	TRUE	191	1	1	191	0.03773584905660377	0	0.05660377358490566	0.1320754716981132	0.03773584905660377	0.05660377358490566	0	0.03773584905660377	0.20754716981132076	0.018867924528301886	0.018867924528301886	0.11320754716981132	0.018867924528301886	0.018867924528301886	0.09433962264150944	0.1320754716981132	0	0	0	0.018867924528301886	0.22641509433962265	0.41509433962264153	0.05660377358490566	0.05660377358490566	0.24528301886792453	0.7547169811320755	0.49056603773584906	0.3018867924528302	0.18867924528301888	0.1320754716981132	0.8490566037735849	0.3018867924528302	0.18867924528301888	6	LYS:20.75	GLU:13.21	SER:13.21	ASN:11.32	ASN:3.7	LYS:3.4	PHE:2.7	ILE:2.3	53	6218.87304	117.33722716981133	6.007637267986825	10.589754877950993	-1.296	3.594930649245283	-0.7894339622641509	-4.1773584905660375	-13.833207547169813	-3.368301886792453	-0.5805283018867925	-0.2525065742264151	7.552452830188678	53	1-191	FALSE	FALSE	FALSE	TRUE	YKKMKEGENNKPREKSESNKRKSNFSNSADDIKSKKKREQSNDIARGFERGLE
Nephrin	O60500	1241	0.116	144	TRUE	O60500_1022..1057	1022	1057	36	th_50	disorder	FALSE	FALSE	1077	1241	TRUE	O60500_1..1241	phasepdb	TRUE	1241	1	1	1241	0.027777777777777776	0	0.05555555555555555	0.08333333333333333	0	0.1388888888888889	0.027777777777777776	0.027777777777777776	0.027777777777777776	0.1111111111111111	0	0	0.2222222222222222	0.08333333333333333	0	0.08333333333333333	0.1111111111111111	0	0	0	0.3611111111111111	0.6388888888888888	0.1388888888888889	0.027777777777777776	0.5277777777777778	0.4722222222222222	0.19444444444444445	0.05555555555555555	0.1388888888888889	0.19444444444444445	0.6388888888888888	0.05555555555555555	0.1388888888888889	-3	PRO:22.22	GLY:13.89	LEU:11.11	THR:11.11	LEU:2	THR:1.9	PRO:1.9	ILE:1.7	36	3649.97014	101.38805944444444	-3.9051833070027273	3.9514709383111923	-0.3645555555555556	0.6915682155444445	-0.7468888888888889	-0.9333333333333333	-6.233888888888889	-0.3880555555555556	-0.08018055555555557	-0.02557190180555555	3.884166666666667	36	1-1241	FALSE	FALSE	FALSE	FALSE	SGLADKGTQLPITTPGLHQPSGEPEDQLPTEPPSGP
Nephrin	O60500	1241	0.116	144	TRUE	O60500_1096..1140	1096	1140	45	th_50	disorder	TRUE	TRUE	1077	1241	TRUE	O60500_1..1241	phasepdb	TRUE	1241	1	1	1241	0.044444444444444446	0	0.044444444444444446	0.2222222222222222	0	0.06666666666666667	0	0.022222222222222223	0.022222222222222223	0	0	0.022222222222222223	0.022222222222222223	0.044444444444444446	0.08888888888888889	0.13333333333333333	0.13333333333333333	0.044444444444444446	0.022222222222222223	0.06666666666666667	0.37777777777777777	0.5111111111111111	0.06666666666666667	0.08888888888888889	0.28888888888888886	0.7111111111111111	0.37777777777777777	0.1111111111111111	0.26666666666666666	0.26666666666666666	0.8222222222222222	0.1111111111111111	0.26666666666666666	-7	GLU:22.22	SER:13.33	THR:13.33	ARG:8.89	TYR:6.5	TRP:4.1	GLU:2.6	THR:2.3	45	5189.33234	115.31849644444445	-6.986231026547087	3.9646804452174145	-1.0067555555555554	2.138319741466667	-0.6576	-3.311111111111111	-11.718666666666667	-2.6893333333333334	-0.2312311111111111	-0.07608601786666665	7.445777777777778	45	1-1241	FALSE	FALSE	FALSE	TRUE	GISEKTEAGSEEDRVRNEYEESQWTGERDTQSSTVSTTEAEPYYR
Nephrin	O60500	1241	0.116	144	TRUE	O60500_1096..1140	1096	1140	45	th_50	disorder	TRUE	TRUE	1077	1241	TRUE	O60500_1077..1241	merged	FALSE	165	2	1077	1241	0.044444444444444446	0	0.044444444444444446	0.2222222222222222	0	0.06666666666666667	0	0.022222222222222223	0.022222222222222223	0	0	0.022222222222222223	0.022222222222222223	0.044444444444444446	0.08888888888888889	0.13333333333333333	0.13333333333333333	0.044444444444444446	0.022222222222222223	0.06666666666666667	0.37777777777777777	0.5111111111111111	0.06666666666666667	0.08888888888888889	0.28888888888888886	0.7111111111111111	0.37777777777777777	0.1111111111111111	0.26666666666666666	0.26666666666666666	0.8222222222222222	0.1111111111111111	0.26666666666666666	-7	GLU:22.22	SER:13.33	THR:13.33	ARG:8.89	TYR:6.5	TRP:4.1	GLU:2.6	THR:2.3	45	5189.33234	115.31849644444445	-6.986231026547087	3.9646804452174145	-1.0067555555555554	2.138319741466667	-0.6576	-3.311111111111111	-11.718666666666667	-2.6893333333333334	-0.2312311111111111	-0.07608601786666665	7.445777777777778	45	1077-1241	FALSE	FALSE	FALSE	TRUE	GISEKTEAGSEEDRVRNEYEESQWTGERDTQSSTVSTTEAEPYYR
NPM1	P06748	294	0.514	151	TRUE	P06748_120..251	120	251	132	th_50	disorder	TRUE	TRUE	1	294	TRUE	P06748_1..240	merged	FALSE	240	3	1	240	0.06818181818181818	0	0.18181818181818182	0.14393939393939395	0.015151515151515152	0.05303030303030303	0	0.022727272727272728	0.1590909090909091	0.022727272727272728	0.007575757575757576	0.022727272727272728	0.06818181818181818	0.03787878787878788	0.022727272727272728	0.10606060606060606	0.030303030303030304	0.03787878787878788	0	0	0.25757575757575757	0.5681818181818182	0.08333333333333333	0.015151515151515152	0.29545454545454547	0.7045454545454546	0.5075757575757576	0.18181818181818182	0.32575757575757575	0.13636363636363635	0.8257575757575758	0.18181818181818182	0.32575757575757575	-19	ASP:18.18	LYS:15.91	GLU:14.39	SER:10.61	ASP:3.5	LYS:2.6	GLU:1.7	ILE:1.4	132	14513.32284	109.94941545454546	-18.9637783935096	4.101033112588827	-2.1376590909090907	5.419353699886364	-1.6168863636363637	-5.3522727272727275	-21.441363636363636	-4.886363636363637	-1.08895	-0.49947400009090914	10.782727272727271	132	1-240	FALSE	FALSE	FALSE	TRUE	EEDAESEDEEEEDVKLLSISGKRSAPGGGSKVPQKKVKLAADEDDDDDDEEDDDEDDDDDDFDDEEAEEKAPVKKSIRDTPAKNAQKSNQNGKDSKPSSTPRSKGQESFKKQEKTPKTPKGPSSVEDIKAKM
NPM1	P06748	294	0.514	151	TRUE	P06748_120..251	120	251	132	th_50	disorder	TRUE	TRUE	1	294	TRUE	P06748_1..294	phasepro	TRUE	294	2	1	294	0.06818181818181818	0	0.18181818181818182	0.14393939393939395	0.015151515151515152	0.05303030303030303	0	0.022727272727272728	0.1590909090909091	0.022727272727272728	0.007575757575757576	0.022727272727272728	0.06818181818181818	0.03787878787878788	0.022727272727272728	0.10606060606060606	0.030303030303030304	0.03787878787878788	0	0	0.25757575757575757	0.5681818181818182	0.08333333333333333	0.015151515151515152	0.29545454545454547	0.7045454545454546	0.5075757575757576	0.18181818181818182	0.32575757575757575	0.13636363636363635	0.8257575757575758	0.18181818181818182	0.32575757575757575	-19	ASP:18.18	LYS:15.91	GLU:14.39	SER:10.61	ASP:3.5	LYS:2.6	GLU:1.7	ILE:1.4	132	14513.32284	109.94941545454546	-18.9637783935096	4.101033112588827	-2.1376590909090907	5.419353699886364	-1.6168863636363637	-5.3522727272727275	-21.441363636363636	-4.886363636363637	-1.08895	-0.49947400009090914	10.782727272727271	132	NA	FALSE	FALSE	FALSE	TRUE	EEDAESEDEEEEDVKLLSISGKRSAPGGGSKVPQKKVKLAADEDDDDDDEEDDDEDDDDDDFDDEEAEEKAPVKKSIRDTPAKNAQKSNQNGKDSKPSSTPRSKGQESFKKQEKTPKTPKGPSSVEDIKAKM
NPM1	P06748	294	0.514	151	TRUE	P06748_120..251	120	251	132	th_50	disorder	TRUE	TRUE	1	294	TRUE	P06748_1..294	phasepdb	TRUE	294	2	1	294	0.06818181818181818	0	0.18181818181818182	0.14393939393939395	0.015151515151515152	0.05303030303030303	0	0.022727272727272728	0.1590909090909091	0.022727272727272728	0.007575757575757576	0.022727272727272728	0.06818181818181818	0.03787878787878788	0.022727272727272728	0.10606060606060606	0.030303030303030304	0.03787878787878788	0	0	0.25757575757575757	0.5681818181818182	0.08333333333333333	0.015151515151515152	0.29545454545454547	0.7045454545454546	0.5075757575757576	0.18181818181818182	0.32575757575757575	0.13636363636363635	0.8257575757575758	0.18181818181818182	0.32575757575757575	-19	ASP:18.18	LYS:15.91	GLU:14.39	SER:10.61	ASP:3.5	LYS:2.6	GLU:1.7	ILE:1.4	132	14513.32284	109.94941545454546	-18.9637783935096	4.101033112588827	-2.1376590909090907	5.419353699886364	-1.6168863636363637	-5.3522727272727275	-21.441363636363636	-4.886363636363637	-1.08895	-0.49947400009090914	10.782727272727271	132	1-294	FALSE	FALSE	FALSE	TRUE	EEDAESEDEEEEDVKLLSISGKRSAPGGGSKVPQKKVKLAADEDDDDDDEEDDDEDDDDDDFDDEEAEEKAPVKKSIRDTPAKNAQKSNQNGKDSKPSSTPRSKGQESFKKQEKTPKTPKGPSSVEDIKAKM
Nup98	P52948	1817	0.238	433	TRUE	P52948_608..654	608	654	47	th_50	disorder	FALSE	FALSE	1	500	TRUE	P52948_1..1817	phasepdb	TRUE	1817	1	1	1817	0.02127659574468085	0	0.10638297872340426	0.1276595744680851	0.06382978723404255	0.0425531914893617	0.02127659574468085	0	0.02127659574468085	0.0851063829787234	0	0.10638297872340426	0.0851063829787234	0.0425531914893617	0.0425531914893617	0.1702127659574468	0	0.0425531914893617	0	0.02127659574468085	0.23404255319148937	0.574468085106383	0.1276595744680851	0.10638297872340426	0.3617021276595745	0.6382978723404256	0.3191489361702128	0.0851063829787234	0.23404255319148937	0.1702127659574468	0.7021276595744681	0.0851063829787234	0.23404255319148937	-7	SER:17.02	GLU:12.77	ASP:10.64	ASN:10.64	PHE:4.6	ASN:3.5	TYR:2.1	ASP:2.1	47	5298.50544	112.73415829787234	-7.8993755231190965	3.825903882186782	-0.4411276595744681	0.9153690984936171	-0.42068085106382974	-1.2808510638297872	-5.946808510638298	-1.0080851063829788	-0.042044680851063845	-0.001227860553191486	3.8359574468085103	47	1-1817	FALSE	FALSE	FALSE	FALSE	SNLFSPVNRDSENLASPSEYPENGERFSFLSKPVDENHQQDGDEDSL
Nup98	P52948	1817	0.238	433	TRUE	P52948_885..939	885	939	55	th_50	disorder	TRUE	FALSE	1	500	FALSE	P52948_1..500	merged	FALSE	500	2	1	500	0.07272727272727272	0	0.03636363636363636	0.12727272727272726	0	0.01818181818181818	0.01818181818181818	0	0.09090909090909091	0.09090909090909091	0.01818181818181818	0.01818181818181818	0.18181818181818182	0.10909090909090909	0	0.10909090909090909	0.09090909090909091	0.01818181818181818	0	0	0.2909090909090909	0.5454545454545454	0.10909090909090909	0.01818181818181818	0.4	0.6	0.2727272727272727	0.10909090909090909	0.16363636363636364	0.2	0.6909090909090909	0.10909090909090909	0.16363636363636364	-3	PRO:18.18	GLU:12.73	GLN:10.91	SER:10.91	GLN:2.1	LEU:1.7	THR:1.6	PRO:1.5	55	5949.5515399999995	108.17366436363635	-3.899262951427505	4.388695852632805	-0.9129454545454546	1.903554040770909	-1.2470545454545456	-2.5854545454545454	-13.282909090909092	-1.5203636363636364	-0.3567745454545455	-0.17904594214545455	7.5261818181818185	55	1-500	FALSE	FALSE	FALSE	FALSE	LQDSDEEEEEHPSKTSTKKLKTAPLPPASQTTPLQMALNGKPAPPPQSQSPEVEQ
Nup98	P52948	1817	0.238	433	TRUE	P52948_885..939	885	939	55	th_50	disorder	TRUE	FALSE	1	500	TRUE	P52948_1..1817	phasepdb	TRUE	1817	1	1	1817	0.07272727272727272	0	0.03636363636363636	0.12727272727272726	0	0.01818181818181818	0.01818181818181818	0	0.09090909090909091	0.09090909090909091	0.01818181818181818	0.01818181818181818	0.18181818181818182	0.10909090909090909	0	0.10909090909090909	0.09090909090909091	0.01818181818181818	0	0	0.2909090909090909	0.5454545454545454	0.10909090909090909	0.01818181818181818	0.4	0.6	0.2727272727272727	0.10909090909090909	0.16363636363636364	0.2	0.6909090909090909	0.10909090909090909	0.16363636363636364	-3	PRO:18.18	GLU:12.73	GLN:10.91	SER:10.91	GLN:2.1	LEU:1.7	THR:1.6	PRO:1.5	55	5949.5515399999995	108.17366436363635	-3.899262951427505	4.388695852632805	-0.9129454545454546	1.903554040770909	-1.2470545454545456	-2.5854545454545454	-13.282909090909092	-1.5203636363636364	-0.3567745454545455	-0.17904594214545455	7.5261818181818185	55	1-1817	FALSE	FALSE	FALSE	FALSE	LQDSDEEEEEHPSKTSTKKLKTAPLPPASQTTPLQMALNGKPAPPPQSQSPEVEQ
RBM-14	Q96PK6	669	0.324	217	TRUE	Q96PK6_192..233	192	233	42	th_50	disorder	TRUE	FALSE	350	669	FALSE	Q96PK6_350..669	merged	FALSE	320	2	350	669	0.09523809523809523	0	0.047619047619047616	0	0.07142857142857142	0.11904761904761904	0	0	0	0.047619047619047616	0	0.023809523809523808	0.16666666666666666	0.07142857142857142	0.14285714285714285	0.09523809523809523	0.07142857142857142	0.023809523809523808	0	0.023809523809523808	0.38095238095238093	0.6428571428571429	0.07142857142857142	0.09523809523809523	0.5476190476190477	0.4523809523809524	0.19047619047619047	0.14285714285714285	0.047619047619047616	0.16666666666666666	0.6666666666666666	0.14285714285714285	0.047619047619047616	4	PRO:16.67	ARG:14.29	GLY:11.9	ALA:9.52	PHE:5.1	TYR:2.3	ARG:2.2	PRO:1.4	42	4514.99024	107.49976761904762	3.9980069856829434	12.201637275462842	-0.5781904761904761	1.0882144725714287	-1.0188095238095238	-1.923809523809524	-11.831428571428571	-1.1133333333333335	0.11903809523809522	0.12014232185714288	8.20952380952381	42	350-669	FALSE	FALSE	FALSE	FALSE	GNSTGGFDGQARQPTPPFFGRDRSPLRRSPPRASYVAPLTAQ
RBM-14	Q96PK6	669	0.324	217	TRUE	Q96PK6_192..233	192	233	42	th_50	disorder	TRUE	FALSE	350	669	TRUE	Q96PK6_1..669	phasepdb	TRUE	669	1	1	669	0.09523809523809523	0	0.047619047619047616	0	0.07142857142857142	0.11904761904761904	0	0	0	0.047619047619047616	0	0.023809523809523808	0.16666666666666666	0.07142857142857142	0.14285714285714285	0.09523809523809523	0.07142857142857142	0.023809523809523808	0	0.023809523809523808	0.38095238095238093	0.6428571428571429	0.07142857142857142	0.09523809523809523	0.5476190476190477	0.4523809523809524	0.19047619047619047	0.14285714285714285	0.047619047619047616	0.16666666666666666	0.6666666666666666	0.14285714285714285	0.047619047619047616	4	PRO:16.67	ARG:14.29	GLY:11.9	ALA:9.52	PHE:5.1	TYR:2.3	ARG:2.2	PRO:1.4	42	4514.99024	107.49976761904762	3.9980069856829434	12.201637275462842	-0.5781904761904761	1.0882144725714287	-1.0188095238095238	-1.923809523809524	-11.831428571428571	-1.1133333333333335	0.11903809523809522	0.12014232185714288	8.20952380952381	42	1-669	FALSE	FALSE	FALSE	FALSE	GNSTGGFDGQARQPTPPFFGRDRSPLRRSPPRASYVAPLTAQ
Synapsin-1	P17600	705	0.533	376	TRUE	P17600_12..78	12	78	67	th_50	disorder	FALSE	FALSE	421	705	TRUE	P17600_1..140	merged	FALSE	140	2	1	140	0.14925373134328357	0	0.014925373134328358	0.014925373134328358	0.04477611940298507	0.16417910447761194	0.014925373134328358	0	0	0.029850746268656716	0.029850746268656716	0.04477611940298507	0.22388059701492538	0.029850746268656716	0.029850746268656716	0.11940298507462686	0.05970149253731343	0.014925373134328358	0	0.014925373134328358	0.4925373134328358	0.7910447761194029	0.04477611940298507	0.07462686567164178	0.6716417910447762	0.3283582089552239	0.07462686567164178	0.04477611940298507	0.029850746268656716	0.1791044776119403	0.6417910447761194	0.04477611940298507	0.029850746268656716	1	PRO:22.39	GLY:16.42	ALA:14.93	SER:11.94	PHE:3.2	ALA:2	PRO:1.9	GLY:1.8	67	6399.00604	95.5075528358209	0.09025796038383982	7.543932212716265	-0.22055223880597016	0.30239095619253736	-0.7278208955223882	-0.5014925373134329	-5.610597014925373	-0.05402985074626865	0.04501940298507462	0.029367893910447765	4.088208955223881	67	1-140	FALSE	FALSE	FALSE	FALSE	NFMANLPNGYMTDLQRPQPPPPPPGAHSPGATPGPGTATAERSSGVAPAASPAAPSPGSSGGGGFFS
Synapsin-1	P17600	705	0.533	376	TRUE	P17600_417..690	417	690	274	th_50	disorder	TRUE	TRUE	421	705	FALSE	P17600_1..140	merged	FALSE	140	2	1	140	0.11678832116788321	0	0.010948905109489052	0.010948905109489052	0.0036496350364963502	0.12773722627737227	0.010948905109489052	0	0.021897810218978103	0.04744525547445255	0	0.010948905109489052	0.27007299270072993	0.15328467153284672	0.072992700729927	0.08029197080291971	0.043795620437956206	0.01824817518248175	0	0	0.3686131386861314	0.6788321167883211	0.06569343065693431	0.014598540145985401	0.583941605839416	0.41605839416058393	0.12773722627737227	0.10583941605839416	0.021897810218978103	0.12408759124087591	0.6605839416058394	0.10583941605839416	0.021897810218978103	23	PRO:27.01	GLN:15.33	GLY:12.77	ALA:11.68	GLN:2.9	PRO:2.3	ALA:1.6	GLY:1.4	274	27479.51354	100.29019540145985	20.275539963705427	12.774839467471752	-0.90614598540146	1.5141345757145985	-1.6617883211678832	-2.402189781021898	-13.890875912408761	-0.7236496350364964	-0.21365839416058396	-0.08472988040875912	7.907810218978101	274	1-140	TRUE	FALSE	FALSE	FALSE	ALPRQRQRDASPGRGSHGQTPSPGALPLGRQTSQQPAGPPAQQRPPPQGGPPQPGPGPQRQGPPLQQRPPPQGQQHLSGLGPPAGSPLPQRLPSPTSAPQQPASQAAPPTQGQGRQSRPVAGGPGAPPAARPPASPSPQRQAGPPQATRQTSVSGPAPPKASGAPPGGQQRQGPPQKPPGPAGPTRQASQAGPVPRTGPPTTQQPRPSGPGPAGRPKPQLAQKPSQDVPPPATAAAGGPPHPQLNKSQSLTNAFNLPEPAPPRPSLSQDEVKAE
Synapsin-1	P17600	705	0.533	376	TRUE	P17600_417..690	417	690	274	th_50	disorder	TRUE	TRUE	421	705	TRUE	P17600_421..705	merged	FALSE	285	2	421	705	0.11678832116788321	0	0.010948905109489052	0.010948905109489052	0.0036496350364963502	0.12773722627737227	0.010948905109489052	0	0.021897810218978103	0.04744525547445255	0	0.010948905109489052	0.27007299270072993	0.15328467153284672	0.072992700729927	0.08029197080291971	0.043795620437956206	0.01824817518248175	0	0	0.3686131386861314	0.6788321167883211	0.06569343065693431	0.014598540145985401	0.583941605839416	0.41605839416058393	0.12773722627737227	0.10583941605839416	0.021897810218978103	0.12408759124087591	0.6605839416058394	0.10583941605839416	0.021897810218978103	23	PRO:27.01	GLN:15.33	GLY:12.77	ALA:11.68	GLN:2.9	PRO:2.3	ALA:1.6	GLY:1.4	274	27479.51354	100.29019540145985	20.275539963705427	12.774839467471752	-0.90614598540146	1.5141345757145985	-1.6617883211678832	-2.402189781021898	-13.890875912408761	-0.7236496350364964	-0.21365839416058396	-0.08472988040875912	7.907810218978101	274	421-705	TRUE	FALSE	FALSE	FALSE	ALPRQRQRDASPGRGSHGQTPSPGALPLGRQTSQQPAGPPAQQRPPPQGGPPQPGPGPQRQGPPLQQRPPPQGQQHLSGLGPPAGSPLPQRLPSPTSAPQQPASQAAPPTQGQGRQSRPVAGGPGAPPAARPPASPSPQRQAGPPQATRQTSVSGPAPPKASGAPPGGQQRQGPPQKPPGPAGPTRQASQAGPVPRTGPPTTQQPRPSGPGPAGRPKPQLAQKPSQDVPPPATAAAGGPPHPQLNKSQSLTNAFNLPEPAPPRPSLSQDEVKAE
Synapsin-2	Q92777	582	0.426	248	TRUE	Q92777_13..84	13	84	72	th_50	disorder	FALSE	FALSE	421	582	TRUE	Q92777_1..582	phasepdb	TRUE	582	1	1	582	0.1527777777777778	0	0.013888888888888888	0.027777777777777776	0.041666666666666664	0.06944444444444445	0	0.013888888888888888	0	0.027777777777777776	0.013888888888888888	0.027777777777777776	0.3194444444444444	0.05555555555555555	0.041666666666666664	0.125	0.041666666666666664	0.013888888888888888	0	0.013888888888888888	0.3888888888888889	0.7638888888888888	0.05555555555555555	0.05555555555555555	0.6666666666666666	0.3333333333333333	0.08333333333333333	0.041666666666666664	0.041666666666666664	0.16666666666666666	0.5555555555555556	0.041666666666666664	0.041666666666666664	0	PRO:31.94	ALA:15.28	SER:12.5	GLY:6.94	PHE:3	PRO:2.7	ALA:2.1	TYR:1.3	72	7162.96644	99.485645	0.0011206809203088142	6.5792474128105995	-0.22606944444444446	0.47101754772361126	-0.8460694444444444	-0.6666666666666667	-6.612361111111111	-0.022222222222222244	0.017056944444444444	0.008049603916666672	4.007916666666667	72	1-582	FALSE	FALSE	FALSE	FALSE	SFIANLPNGYMTDLQRPEPQQPPPPPPPGPGAASASAAPPTASPGPERRPPPASAPAPQPAPTPSVGSSFFS
Synapsin-2	Q92777	582	0.426	248	TRUE	Q92777_419..568	419	568	150	th_50	disorder	TRUE	TRUE	421	582	TRUE	Q92777_1..582	phasepdb	TRUE	582	1	1	582	0.07333333333333333	0	0.02666666666666667	0.03333333333333333	0.02666666666666667	0.06666666666666667	0.013333333333333334	0	0.04	0.06666666666666667	0.006666666666666667	0.02	0.21333333333333335	0.1	0.04666666666666667	0.2	0.06	0.006666666666666667	0	0	0.4	0.6666666666666666	0.07333333333333333	0.04	0.46	0.54	0.16	0.1	0.06	0.26	0.68	0.1	0.06	6	PRO:21.33	SER:20	GLN:10	ALA:7.33	PHE:1.9	GLN:1.9	PRO:1.8	SER:1.6	150	15457.89604	103.05264026666667	4.188670649346221	10.76531681305269	-0.75296	1.411906492036	-1.4483733333333333	-2.2159999999999997	-12.922	-1.0834666666666668	-0.10370666666666667	-0.06876974250666666	7.942266666666666	150	1-582	TRUE	FALSE	FALSE	FALSE	SRTPALSPQRPLTTQQPQSGTLKDPDSSKTPPQRPPPQGGPGQPQGMQPPGKVLPPRRLPPGPSLPPSSSSSSSSSSSAPQRPGGPTTHGDAPSSSSSLAEAQPPLAAPPQKPQPHPQLNKSQSLTNAFSFSESSFFRSSANEDEAKAET
Synapsin-2	Q92777	582	0.426	248	TRUE	Q92777_419..568	419	568	150	th_50	disorder	TRUE	TRUE	421	582	TRUE	Q92777_421..582	merged	FALSE	162	2	421	582	0.07333333333333333	0	0.02666666666666667	0.03333333333333333	0.02666666666666667	0.06666666666666667	0.013333333333333334	0	0.04	0.06666666666666667	0.006666666666666667	0.02	0.21333333333333335	0.1	0.04666666666666667	0.2	0.06	0.006666666666666667	0	0	0.4	0.6666666666666666	0.07333333333333333	0.04	0.46	0.54	0.16	0.1	0.06	0.26	0.68	0.1	0.06	6	PRO:21.33	SER:20	GLN:10	ALA:7.33	PHE:1.9	GLN:1.9	PRO:1.8	SER:1.6	150	15457.89604	103.05264026666667	4.188670649346221	10.76531681305269	-0.75296	1.411906492036	-1.4483733333333333	-2.2159999999999997	-12.922	-1.0834666666666668	-0.10370666666666667	-0.06876974250666666	7.942266666666666	150	421-582	TRUE	FALSE	FALSE	FALSE	SRTPALSPQRPLTTQQPQSGTLKDPDSSKTPPQRPPPQGGPGQPQGMQPPGKVLPPRRLPPGPSLPPSSSSSSSSSSSAPQRPGGPTTHGDAPSSSSSLAEAQPPLAAPPQKPQPHPQLNKSQSLTNAFSFSESSFFRSSANEDEAKAET
TAF-15	Q92804	592	0.892	528	TRUE	Q92804_1..237	1	237	237	th_50	disorder	TRUE	TRUE	1	216	TRUE	Q92804_1..216	merged	FALSE	216	3	1	216	0.012658227848101266	0	0.09282700421940929	0.029535864978902954	0.012658227848101266	0.18143459915611815	0.02531645569620253	0.004219409282700422	0.012658227848101266	0	0.012658227848101266	0.05907172995780591	0.02531645569620253	0.1518987341772152	0.05063291139240506	0.17721518987341772	0.029535864978902954	0.004219409282700422	0	0.11814345991561181	0.4008438818565401	0.5822784810126582	0.008438818565400843	0.15611814345991562	0.37130801687763715	0.6286919831223629	0.2109704641350211	0.08860759493670886	0.12236286919831224	0.20675105485232068	0.8227848101265823	0.08860759493670886	0.12236286919831224	-8	GLY:18.14	SER:17.72	GLN:15.19	TYR:11.81	TYR:11.5	GLN:2.9	GLY:2	ASN:1.9	237	25976.06624	109.60365502109704	-13.4590490797937	4.378441526074951	-1.6634050632911397	1.8915632803772153	-1.3269367088607598	-5.50506329113924	-15.47518987341772	-2.9782278481012665	-0.16753924050632912	0.06519519545569621	12.066708860759496	237	1-216	FALSE	TRUE	TRUE	FALSE	MSDSGSYGQSGGEQQSYSTYGNPGSQGYGQASQSYSGYGQTTDSSYGQNYSGYSSYGQSQSGYSQSYGGYENQKQSSYSQQPYNNQGQQQNMESSGSQGGRAPSYDQPDYGQQDSYDQQSGYDQHQGSYDEQSNYDQQHDSYSQNQQSYHSQRENYSHHTQDDRRDVSRYGEDNRGYGGSQGGGRGRGGYDKDGRGPMTGSSGGDRGGFKNFGGHRDYGPRTDADSESDNSDNNTIF
TAF-15	Q92804	592	0.892	528	TRUE	Q92804_1..237	1	237	237	th_50	disorder	TRUE	TRUE	1	216	TRUE	Q92804_1..592	phasepdb	TRUE	592	2	1	592	0.012658227848101266	0	0.09282700421940929	0.029535864978902954	0.012658227848101266	0.18143459915611815	0.02531645569620253	0.004219409282700422	0.012658227848101266	0	0.012658227848101266	0.05907172995780591	0.02531645569620253	0.1518987341772152	0.05063291139240506	0.17721518987341772	0.029535864978902954	0.004219409282700422	0	0.11814345991561181	0.4008438818565401	0.5822784810126582	0.008438818565400843	0.15611814345991562	0.37130801687763715	0.6286919831223629	0.2109704641350211	0.08860759493670886	0.12236286919831224	0.20675105485232068	0.8227848101265823	0.08860759493670886	0.12236286919831224	-8	GLY:18.14	SER:17.72	GLN:15.19	TYR:11.81	TYR:11.5	GLN:2.9	GLY:2	ASN:1.9	237	25976.06624	109.60365502109704	-13.4590490797937	4.378441526074951	-1.6634050632911397	1.8915632803772153	-1.3269367088607598	-5.50506329113924	-15.47518987341772	-2.9782278481012665	-0.16753924050632912	0.06519519545569621	12.066708860759496	237	1-592	FALSE	TRUE	TRUE	FALSE	MSDSGSYGQSGGEQQSYSTYGNPGSQGYGQASQSYSGYGQTTDSSYGQNYSGYSSYGQSQSGYSQSYGGYENQKQSSYSQQPYNNQGQQQNMESSGSQGGRAPSYDQPDYGQQDSYDQQSGYDQHQGSYDEQSNYDQQHDSYSQNQQSYHSQRENYSHHTQDDRRDVSRYGEDNRGYGGSQGGGRGRGGYDKDGRGPMTGSSGGDRGGFKNFGGHRDYGPRTDADSESDNSDNNTIF
TAF-15	Q92804	592	0.892	528	TRUE	Q92804_1..237	1	237	237	th_50	disorder	TRUE	TRUE	1	216	TRUE	Q92804_234..320	merged	FALSE	87	3	234	320	0.012658227848101266	0	0.09282700421940929	0.029535864978902954	0.012658227848101266	0.18143459915611815	0.02531645569620253	0.004219409282700422	0.012658227848101266	0	0.012658227848101266	0.05907172995780591	0.02531645569620253	0.1518987341772152	0.05063291139240506	0.17721518987341772	0.029535864978902954	0.004219409282700422	0	0.11814345991561181	0.4008438818565401	0.5822784810126582	0.008438818565400843	0.15611814345991562	0.37130801687763715	0.6286919831223629	0.2109704641350211	0.08860759493670886	0.12236286919831224	0.20675105485232068	0.8227848101265823	0.08860759493670886	0.12236286919831224	-8	GLY:18.14	SER:17.72	GLN:15.19	TYR:11.81	TYR:11.5	GLN:2.9	GLY:2	ASN:1.9	237	25976.06624	109.60365502109704	-13.4590490797937	4.378441526074951	-1.6634050632911397	1.8915632803772153	-1.3269367088607598	-5.50506329113924	-15.47518987341772	-2.9782278481012665	-0.16753924050632912	0.06519519545569621	12.066708860759496	237	234-320	FALSE	TRUE	TRUE	FALSE	MSDSGSYGQSGGEQQSYSTYGNPGSQGYGQASQSYSGYGQTTDSSYGQNYSGYSSYGQSQSGYSQSYGGYENQKQSSYSQQPYNNQGQQQNMESSGSQGGRAPSYDQPDYGQQDSYDQQSGYDQHQGSYDEQSNYDQQHDSYSQNQQSYHSQRENYSHHTQDDRRDVSRYGEDNRGYGGSQGGGRGRGGYDKDGRGPMTGSSGGDRGGFKNFGGHRDYGPRTDADSESDNSDNNTIF
TAF-15	Q92804	592	0.892	528	TRUE	Q92804_322..364	322	364	43	th_50	disorder	FALSE	FALSE	1	216	TRUE	Q92804_1..592	phasepdb	TRUE	592	2	1	592	0	0.023255813953488372	0.046511627906976744	0.023255813953488372	0.046511627906976744	0.37209302325581395	0	0	0.023255813953488372	0	0.023255813953488372	0.023255813953488372	0.09302325581395349	0.023255813953488372	0.16279069767441862	0.06976744186046512	0	0.023255813953488372	0.023255813953488372	0.023255813953488372	0.46511627906976744	0.6511627906976745	0.023255813953488372	0.09302325581395349	0.627906976744186	0.37209302325581395	0.2558139534883721	0.18604651162790697	0.06976744186046512	0.06976744186046512	0.7674418604651163	0.18604651162790697	0.06976744186046512	5	GLY:37.21	ARG:16.28	PRO:9.3	SER:6.98	TRP:4.2	GLY:4.2	PHE:3.3	CYS:2.8	43	4380.76724	101.87830790697674	4.937509047351142	11.778407412604944	-0.4463720930232558	0.9990095405209303	-0.611906976744186	-1.3046511627906978	-5.817441860465117	-0.7737209302325582	-0.020306976744186057	0.05989003627906977	4.12813953488372	43	1-592	FALSE	FALSE	FALSE	FALSE	PEFMRGGGSGGGRRGRGGYRGRGGFQGRGGDPKSGDWVCPNPS
TAF-15	Q92804	592	0.892	528	TRUE	Q92804_371..592	371	592	222	th_50	disorder	FALSE	FALSE	1	216	TRUE	Q92804_1..592	phasepdb	TRUE	592	2	1	592	0.0045045045045045045	0.009009009009009009	0.10810810810810811	0.013513513513513514	0.0045045045045045045	0.47297297297297297	0	0	0.0045045045045045045	0	0.0045045045045045045	0.02702702702702703	0.018018018018018018	0.009009009009009009	0.15765765765765766	0.05855855855855856	0	0	0	0.10810810810810811	0.545045045045045	0.6981981981981982	0	0.11261261261261261	0.6216216216216216	0.3783783783783784	0.28378378378378377	0.16216216216216217	0.12162162162162163	0.05855855855855856	0.8648648648648649	0.16216216216216217	0.12162162162162163	9	GLY:47.3	ARG:15.77	ASP:10.81	TYR:10.81	TYR:10.5	GLY:5.3	ARG:2.4	ASP:2.1	222	21685.99144	97.68464612612614	8.869254984899321	9.633491690088176	-0.5972342342342343	1.2356453124126126	-0.6053963963963965	-1.6324324324324324	-5.566441441441442	-1.027072072072072	-0.08578063063063066	0.04409964356306307	4.106081081081081	222	1-592	FALSE	FALSE	FALSE	FALSE	ARRNSCNQCNEPRPEDSRPSGGDFRGRGYGGERGYRGRGGRGGDRGGYGGDRSGGGYGGDRSSGGGYSGDRSGGGYGGDRSGGGYGGDRGGGYGGDRGGGYGGDRGGGYGGDRGGYGGDRGGGYGGDRGGYGGDRGGYGGDRGGYGGDRGGYGGDRSRGGYGGDRGGGSGYGGDRSGGYGGDRSGGGYGGDRGGGYGGDRGGYGGKMGGRNDYRNDQRNRPY
TDP-43	Q13148	414	0.331	137	TRUE	Q13148_261..304	261	304	44	th_50	disorder	TRUE	TRUE	263	414	TRUE	Q13148_1..414	merged	TRUE	414	1	1	414	0.022727272727272728	0	0	0.045454545454545456	0.06818181818181818	0.3409090909090909	0.022727272727272728	0	0.022727272727272728	0.045454545454545456	0	0.1590909090909091	0.045454545454545456	0.06818181818181818	0.09090909090909091	0.06818181818181818	0	0	0	0	0.4318181818181818	0.6363636363636364	0.045454545454545456	0.09090909090909091	0.5227272727272727	0.4772727272727273	0.18181818181818182	0.13636363636363635	0.045454545454545456	0.06818181818181818	0.8409090909090909	0.13636363636363635	0.045454545454545456	4	GLY:34.09	ASN:15.91	ARG:9.09	PHE:6.82	ASN:5.2	PHE:4.9	GLY:3.8	ARG:1.4	44	4399.60404	99.99100090909091	3.092135356740453	12.053182913787724	-1.0974545454545455	1.7313467961363636	-1.163909090909091	-2.7681818181818185	-10.747727272727273	-1.5090909090909093	-0.13909545454545458	0.014799024045454552	8.14409090909091	44	1-414	TRUE	FALSE	FALSE	FALSE	EPKHNSNRQLERSGRFGGNPGGFGNQGGFGNSRGGGAGLGNNQG
TDP-43	Q13148	414	0.331	137	TRUE	Q13148_261..304	261	304	44	th_50	disorder	TRUE	TRUE	263	414	TRUE	Q13148_1..414	phasepdb	TRUE	414	1	1	414	0.022727272727272728	0	0	0.045454545454545456	0.06818181818181818	0.3409090909090909	0.022727272727272728	0	0.022727272727272728	0.045454545454545456	0	0.1590909090909091	0.045454545454545456	0.06818181818181818	0.09090909090909091	0.06818181818181818	0	0	0	0	0.4318181818181818	0.6363636363636364	0.045454545454545456	0.09090909090909091	0.5227272727272727	0.4772727272727273	0.18181818181818182	0.13636363636363635	0.045454545454545456	0.06818181818181818	0.8409090909090909	0.13636363636363635	0.045454545454545456	4	GLY:34.09	ASN:15.91	ARG:9.09	PHE:6.82	ASN:5.2	PHE:4.9	GLY:3.8	ARG:1.4	44	4399.60404	99.99100090909091	3.092135356740453	12.053182913787724	-1.0974545454545455	1.7313467961363636	-1.163909090909091	-2.7681818181818185	-10.747727272727273	-1.5090909090909093	-0.13909545454545458	0.014799024045454552	8.14409090909091	44	1-414	TRUE	FALSE	FALSE	FALSE	EPKHNSNRQLERSGRFGGNPGGFGNQGGFGNSRGGGAGLGNNQG
TDP-43	Q13148	414	0.331	137	TRUE	Q13148_340..376	340	376	37	th_50	disorder	FALSE	TRUE	263	414	TRUE	Q13148_1..414	merged	TRUE	414	1	1	414	0.05405405405405406	0	0	0.02702702702702703	0.02702702702702703	0.16216216216216217	0	0	0	0.02702702702702703	0.02702702702702703	0.21621621621621623	0.05405405405405406	0.1891891891891892	0.02702702702702703	0.16216216216216217	0	0	0	0.02702702702702703	0.3783783783783784	0.6486486486486487	0.02702702702702703	0.05405405405405406	0.3783783783783784	0.6216216216216216	0.05405405405405406	0.02702702702702703	0.02702702702702703	0.16216216216216217	0.8378378378378378	0.02702702702702703	0.02702702702702703	0	ASN:21.62	GLN:18.92	GLY:16.22	SER:16.22	ASN:7.1	GLN:3.6	TYR:2.6	PHE:1.9	37	3868.93974	104.56593891891892	-0.0010943033800058233	6.403328151694624	-1.199783783783784	1.0696960272486487	-1.0807567567567566	-3.2486486486486488	-10.525945945945946	-1.5891891891891892	-0.1305945945945946	-0.04622914659459459	8.013513513513514	37	1-414	FALSE	FALSE	FALSE	TRUE	LASQQNQSGPSGNNQNQGNMQREPNQAFGSGNNSYSG
TDP-43	Q13148	414	0.331	137	TRUE	Q13148_340..376	340	376	37	th_50	disorder	FALSE	TRUE	263	414	TRUE	Q13148_1..414	phasepdb	TRUE	414	1	1	414	0.05405405405405406	0	0	0.02702702702702703	0.02702702702702703	0.16216216216216217	0	0	0	0.02702702702702703	0.02702702702702703	0.21621621621621623	0.05405405405405406	0.1891891891891892	0.02702702702702703	0.16216216216216217	0	0	0	0.02702702702702703	0.3783783783783784	0.6486486486486487	0.02702702702702703	0.05405405405405406	0.3783783783783784	0.6216216216216216	0.05405405405405406	0.02702702702702703	0.02702702702702703	0.16216216216216217	0.8378378378378378	0.02702702702702703	0.02702702702702703	0	ASN:21.62	GLN:18.92	GLY:16.22	SER:16.22	ASN:7.1	GLN:3.6	TYR:2.6	PHE:1.9	37	3868.93974	104.56593891891892	-0.0010943033800058233	6.403328151694624	-1.199783783783784	1.0696960272486487	-1.0807567567567566	-3.2486486486486488	-10.525945945945946	-1.5891891891891892	-0.1305945945945946	-0.04622914659459459	8.013513513513514	37	1-414	FALSE	FALSE	FALSE	TRUE	LASQQNQSGPSGNNQNQGNMQREPNQAFGSGNNSYSG
UBQ2	Q9UHD9	624	0.364	227	TRUE	Q9UHD9_1..37	1	37	37	th_50	disorder	FALSE	FALSE	450	624	TRUE	Q9UHD9_1..624	merged	TRUE	624	1	1	624	0.21621621621621623	0	0	0.08108108108108109	0	0.10810810810810811	0	0.05405405405405406	0.05405405405405406	0	0.02702702702702703	0.02702702702702703	0.16216216216216217	0.02702702702702703	0.05405405405405406	0.10810810810810811	0.02702702702702703	0.05405405405405406	0	0	0.4594594594594595	0.7027027027027027	0.10810810810810811	0	0.6216216216216216	0.3783783783783784	0.1891891891891892	0.10810810810810811	0.08108108108108109	0.13513513513513514	0.7027027027027027	0.10810810810810811	0.08108108108108109	1	ALA:21.62	PRO:16.22	GLY:10.81	SER:10.81	ILE:3.3	ALA:2.9	VAL:1.6	PRO:1.4	37	3601.05214	97.32573351351351	1.0027129773256684	9.532433866911044	-0.4938378378378378	1.286000002172973	-1.0647567567567569	-0.8486486486486488	-11.93837837837838	-0.8151351351351352	-0.10355135135135138	-0.07400316302702703	7.806486486486486	37	1-624	FALSE	FALSE	FALSE	FALSE	MAENGESSGPPRPSRGPAAAQGSAAAPAEPKIIKVTV
UBQ2	Q9UHD9	624	0.364	227	TRUE	Q9UHD9_1..37	1	37	37	th_50	disorder	FALSE	FALSE	450	624	TRUE	Q9UHD9_1..624	phasepdb	TRUE	624	1	1	624	0.21621621621621623	0	0	0.08108108108108109	0	0.10810810810810811	0	0.05405405405405406	0.05405405405405406	0	0.02702702702702703	0.02702702702702703	0.16216216216216217	0.02702702702702703	0.05405405405405406	0.10810810810810811	0.02702702702702703	0.05405405405405406	0	0	0.4594594594594595	0.7027027027027027	0.10810810810810811	0	0.6216216216216216	0.3783783783783784	0.1891891891891892	0.10810810810810811	0.08108108108108109	0.13513513513513514	0.7027027027027027	0.10810810810810811	0.08108108108108109	1	ALA:21.62	PRO:16.22	GLY:10.81	SER:10.81	ILE:3.3	ALA:2.9	VAL:1.6	PRO:1.4	37	3601.05214	97.32573351351351	1.0027129773256684	9.532433866911044	-0.4938378378378378	1.286000002172973	-1.0647567567567569	-0.8486486486486488	-11.93837837837838	-0.8151351351351352	-0.10355135135135138	-0.07400316302702703	7.806486486486486	37	1-624	FALSE	FALSE	FALSE	FALSE	MAENGESSGPPRPSRGPAAAQGSAAAPAEPKIIKVTV
UBQ2	Q9UHD9	624	0.364	227	TRUE	Q9UHD9_103..142	103	142	40	th_50	disorder	FALSE	FALSE	450	624	TRUE	Q9UHD9_1..624	merged	TRUE	624	1	1	624	0.075	0	0	0	0	0.05	0	0.025	0.025	0	0	0.15	0.125	0.1	0.05	0.225	0.175	0	0	0	0.525	0.8	0.025	0	0.275	0.725	0.075	0.075	0	0.4	0.85	0.075	0	3	SER:22.5	THR:17.5	ASN:15	PRO:12.5	ASN:4.9	THR:3	GLN:1.9	SER:1.8	40	4073.23254	101.8308135	2.9976826429402434	12.516460882831222	-1.0466000000000002	1.155172520025	-1.3546	-2.945	-11.5405	-1.8775	-0.139065	-0.15631423865	7.9670000000000005	40	1-624	FALSE	FALSE	FALSE	FALSE	KSQNRPQGQSTQPSNAAGTNTTSASTPRSNSTPISTNSNP
UBQ2	Q9UHD9	624	0.364	227	TRUE	Q9UHD9_103..142	103	142	40	th_50	disorder	FALSE	FALSE	450	624	TRUE	Q9UHD9_1..624	phasepdb	TRUE	624	1	1	624	0.075	0	0	0	0	0.05	0	0.025	0.025	0	0	0.15	0.125	0.1	0.05	0.225	0.175	0	0	0	0.525	0.8	0.025	0	0.275	0.725	0.075	0.075	0	0.4	0.85	0.075	0	3	SER:22.5	THR:17.5	ASN:15	PRO:12.5	ASN:4.9	THR:3	GLN:1.9	SER:1.8	40	4073.23254	101.8308135	2.9976826429402434	12.516460882831222	-1.0466000000000002	1.155172520025	-1.3546	-2.945	-11.5405	-1.8775	-0.139065	-0.15631423865	7.9670000000000005	40	1-624	FALSE	FALSE	FALSE	FALSE	KSQNRPQGQSTQPSNAAGTNTTSASTPRSNSTPISTNSNP
UBQ2	Q9UHD9	624	0.364	227	TRUE	Q9UHD9_282..351	282	351	70	th_50	disorder	TRUE	FALSE	450	624	TRUE	Q9UHD9_1..624	merged	TRUE	624	1	1	624	0.1	0	0.014285714285714285	0.04285714285714286	0.02857142857142857	0.12857142857142856	0	0	0	0.014285714285714285	0	0.07142857142857142	0.11428571428571428	0.05714285714285714	0.02857142857142857	0.22857142857142856	0.14285714285714285	0.014285714285714285	0.014285714285714285	0	0.6	0.8142857142857143	0.02857142857142857	0.04285714285714286	0.4142857142857143	0.5857142857142857	0.08571428571428572	0.02857142857142857	0.05714285714285714	0.37142857142857144	0.8142857142857143	0.02857142857142857	0.05714285714285714	-2	SER:22.86	THR:14.29	GLY:12.86	PRO:11.43	TRP:2.6	THR:2.4	ASN:2.3	PHE:2	70	6800.9800399999995	97.1568577142857	-1.9962504708153186	4.14756424885176	-0.7571428571428571	0.82279993902	-1.2903714285714287	-1.8685714285714288	-10.478	-1.274	-0.029405714285714295	-0.06367503262857142	8.03857142857143	70	1-624	FALSE	FALSE	FALSE	FALSE	AAQEQFGGNPFASVGSSSSSGEGTQPSRTENRDPLPNPWAPPPATQSSATTSTTTSTGSGSGNSSSNATG
UBQ2	Q9UHD9	624	0.364	227	TRUE	Q9UHD9_282..351	282	351	70	th_50	disorder	TRUE	FALSE	450	624	TRUE	Q9UHD9_1..624	phasepdb	TRUE	624	1	1	624	0.1	0	0.014285714285714285	0.04285714285714286	0.02857142857142857	0.12857142857142856	0	0	0	0.014285714285714285	0	0.07142857142857142	0.11428571428571428	0.05714285714285714	0.02857142857142857	0.22857142857142856	0.14285714285714285	0.014285714285714285	0.014285714285714285	0	0.6	0.8142857142857143	0.02857142857142857	0.04285714285714286	0.4142857142857143	0.5857142857142857	0.08571428571428572	0.02857142857142857	0.05714285714285714	0.37142857142857144	0.8142857142857143	0.02857142857142857	0.05714285714285714	-2	SER:22.86	THR:14.29	GLY:12.86	PRO:11.43	TRP:2.6	THR:2.4	ASN:2.3	PHE:2	70	6800.9800399999995	97.1568577142857	-1.9962504708153186	4.14756424885176	-0.7571428571428571	0.82279993902	-1.2903714285714287	-1.8685714285714288	-10.478	-1.274	-0.029405714285714295	-0.06367503262857142	8.03857142857143	70	1-624	FALSE	FALSE	FALSE	FALSE	AAQEQFGGNPFASVGSSSSSGEGTQPSRTENRDPLPNPWAPPPATQSSATTSTTTSTGSGSGNSSSNATG
UBQ2	Q9UHD9	624	0.364	227	TRUE	Q9UHD9_509..563	509	563	55	th_50	disorder	FALSE	TRUE	450	624	TRUE	Q9UHD9_1..624	merged	TRUE	624	1	1	624	0.07272727272727272	0	0	0.03636363636363636	0.01818181818181818	0.18181818181818182	0	0.07272727272727272	0	0	0.01818181818181818	0.01818181818181818	0.21818181818181817	0.07272727272727272	0	0.14545454545454545	0.12727272727272726	0.01818181818181818	0	0	0.5272727272727272	0.7818181818181819	0.09090909090909091	0.01818181818181818	0.6	0.4	0.03636363636363636	0	0.03636363636363636	0.2727272727272727	0.6545454545454545	0	0.03636363636363636	-2	PRO:21.82	GLY:18.18	SER:14.55	THR:12.73	ILE:4.5	THR:2.2	GLY:2	PRO:1.9	55	5157.60814	93.77469345454546	-1.9984654551156331	3.6136964238896083	-0.38076363636363636	0.3609815017345454	-1.528909090909091	-0.9054545454545455	-10.788	-0.16727272727272732	0.0695490909090909	0.010563512254545462	8.041454545454545	55	1-624	FALSE	FALSE	FALSE	TRUE	PIGPIGPIGPTGPAAPPGSTGSGGPTGPTVSSAAPSETTSPTSESGPNQQFIQQM
UBQ2	Q9UHD9	624	0.364	227	TRUE	Q9UHD9_509..563	509	563	55	th_50	disorder	FALSE	TRUE	450	624	TRUE	Q9UHD9_1..624	phasepdb	TRUE	624	1	1	624	0.07272727272727272	0	0	0.03636363636363636	0.01818181818181818	0.18181818181818182	0	0.07272727272727272	0	0	0.01818181818181818	0.01818181818181818	0.21818181818181817	0.07272727272727272	0	0.14545454545454545	0.12727272727272726	0.01818181818181818	0	0	0.5272727272727272	0.7818181818181819	0.09090909090909091	0.01818181818181818	0.6	0.4	0.03636363636363636	0	0.03636363636363636	0.2727272727272727	0.6545454545454545	0	0.03636363636363636	-2	PRO:21.82	GLY:18.18	SER:14.55	THR:12.73	ILE:4.5	THR:2.2	GLY:2	PRO:1.9	55	5157.60814	93.77469345454546	-1.9984654551156331	3.6136964238896083	-0.38076363636363636	0.3609815017345454	-1.528909090909091	-0.9054545454545455	-10.788	-0.16727272727272732	0.0695490909090909	0.010563512254545462	8.041454545454545	55	1-624	FALSE	FALSE	FALSE	TRUE	PIGPIGPIGPTGPAAPPGSTGSGGPTGPTVSSAAPSETTSPTSESGPNQQFIQQM
YTHDF1	Q9BYJ9	559	0.476	266	TRUE	Q9BYJ9_1..52	1	52	52	th_50	disorder	FALSE	TRUE	1	388	TRUE	Q9BYJ9_1..523	merged	FALSE	523	2	1	523	0.019230769230769232	0	0.09615384615384616	0.019230769230769232	0.019230769230769232	0.057692307692307696	0.038461538461538464	0	0.057692307692307696	0.038461538461538464	0.038461538461538464	0.09615384615384616	0.038461538461538464	0.11538461538461539	0.019230769230769232	0.15384615384615385	0.09615384615384616	0.057692307692307696	0	0.038461538461538464	0.3269230769230769	0.6153846153846154	0.09615384615384616	0.09615384615384616	0.3076923076923077	0.6923076923076923	0.23076923076923078	0.11538461538461539	0.11538461538461539	0.25	0.7692307692307693	0.11538461538461539	0.11538461538461539	0	SER:15.38	GLN:11.54	ASP:9.62	ASN:9.62	TYR:3.7	ASN:3.2	GLN:2.2	MET:1.9	52	5775.11834	111.05996807692307	-1.8187792165611256	5.487773092882082	-0.8695769230769231	0.8329140451538461	-0.6840384615384616	-2.707692307692308	-9.977692307692308	-1.9511538461538462	-0.07068846153846155	-0.0031321059230769257	7.948846153846153	52	1-523	FALSE	FALSE	FALSE	TRUE	MSATSVDTQRTKGQDNKVQNGSLHQKDTVHDNDFEPYLTGQSNQSNSYPSMS
YTHDF1	Q9BYJ9	559	0.476	266	TRUE	Q9BYJ9_1..52	1	52	52	th_50	disorder	FALSE	TRUE	1	388	TRUE	Q9BYJ9_1..559	phasepdb	TRUE	559	1	1	559	0.019230769230769232	0	0.09615384615384616	0.019230769230769232	0.019230769230769232	0.057692307692307696	0.038461538461538464	0	0.057692307692307696	0.038461538461538464	0.038461538461538464	0.09615384615384616	0.038461538461538464	0.11538461538461539	0.019230769230769232	0.15384615384615385	0.09615384615384616	0.057692307692307696	0	0.038461538461538464	0.3269230769230769	0.6153846153846154	0.09615384615384616	0.09615384615384616	0.3076923076923077	0.6923076923076923	0.23076923076923078	0.11538461538461539	0.11538461538461539	0.25	0.7692307692307693	0.11538461538461539	0.11538461538461539	0	SER:15.38	GLN:11.54	ASP:9.62	ASN:9.62	TYR:3.7	ASN:3.2	GLN:2.2	MET:1.9	52	5775.11834	111.05996807692307	-1.8187792165611256	5.487773092882082	-0.8695769230769231	0.8329140451538461	-0.6840384615384616	-2.707692307692308	-9.977692307692308	-1.9511538461538462	-0.07068846153846155	-0.0031321059230769257	7.948846153846153	52	1-559	FALSE	FALSE	FALSE	TRUE	MSATSVDTQRTKGQDNKVQNGSLHQKDTVHDNDFEPYLTGQSNQSNSYPSMS
YTHDF1	Q9BYJ9	559	0.476	266	TRUE	Q9BYJ9_237..367	237	367	131	th_50	disorder	TRUE	TRUE	1	388	TRUE	Q9BYJ9_1..523	merged	FALSE	523	2	1	523	0.11450381679389313	0	0.022900763358778626	0.007633587786259542	0.007633587786259542	0.08396946564885496	0.015267175572519083	0.022900763358778626	0.061068702290076333	0.022900763358778626	0.022900763358778626	0.05343511450381679	0.22137404580152673	0.1297709923664122	0.022900763358778626	0.08396946564885496	0.022900763358778626	0.061068702290076333	0.015267175572519083	0.007633587786259542	0.3053435114503817	0.6641221374045801	0.10687022900763359	0.04580152671755725	0.5801526717557252	0.4198473282442748	0.1297709923664122	0.09923664122137404	0.030534351145038167	0.10687022900763359	0.6183206106870229	0.09923664122137404	0.030534351145038167	9	PRO:22.14	GLN:12.98	ALA:11.45	GLY:8.4	TRP:2.8	GLN:2.4	PRO:1.9	VAL:1.8	131	13557.26924	103.49060488549618	7.1796964374866565	11.02483219398327	-0.6098015267175574	0.7900017794381681	-1.2729770992366412	-1.8305343511450383	-12.113435114503817	-0.5340458015267177	-0.1175725190839695	-0.024941367816793892	7.998015267175573	131	1-523	FALSE	FALSE	FALSE	TRUE	IASKPAKPQPKMKTKSGPVMGGGLPPPPIKHNMDIGTWDNKGPVPKAPVPQQAPSPQAAPQPQQVAQPLPAQPPALAQPQYQSPQQPPQTRWVAPRNRNAAFGQSGGAGSDSNSPGNVQPNSAPSVESHPV
YTHDF1	Q9BYJ9	559	0.476	266	TRUE	Q9BYJ9_237..367	237	367	131	th_50	disorder	TRUE	TRUE	1	388	TRUE	Q9BYJ9_1..559	phasepdb	TRUE	559	1	1	559	0.11450381679389313	0	0.022900763358778626	0.007633587786259542	0.007633587786259542	0.08396946564885496	0.015267175572519083	0.022900763358778626	0.061068702290076333	0.022900763358778626	0.022900763358778626	0.05343511450381679	0.22137404580152673	0.1297709923664122	0.022900763358778626	0.08396946564885496	0.022900763358778626	0.061068702290076333	0.015267175572519083	0.007633587786259542	0.3053435114503817	0.6641221374045801	0.10687022900763359	0.04580152671755725	0.5801526717557252	0.4198473282442748	0.1297709923664122	0.09923664122137404	0.030534351145038167	0.10687022900763359	0.6183206106870229	0.09923664122137404	0.030534351145038167	9	PRO:22.14	GLN:12.98	ALA:11.45	GLY:8.4	TRP:2.8	GLN:2.4	PRO:1.9	VAL:1.8	131	13557.26924	103.49060488549618	7.1796964374866565	11.02483219398327	-0.6098015267175574	0.7900017794381681	-1.2729770992366412	-1.8305343511450383	-12.113435114503817	-0.5340458015267177	-0.1175725190839695	-0.024941367816793892	7.998015267175573	131	1-559	FALSE	FALSE	FALSE	TRUE	IASKPAKPQPKMKTKSGPVMGGGLPPPPIKHNMDIGTWDNKGPVPKAPVPQQAPSPQAAPQPQQVAQPLPAQPPALAQPQYQSPQQPPQTRWVAPRNRNAAFGQSGGAGSDSNSPGNVQPNSAPSVESHPV
